track,album_name,artist,release_date,isrc,all_time_rank,track_score,spotify_streams,spotify_playlist_count,spotify_playlist_reach,spotify_popularity,youtube_views,youtube_likes,tiktok_posts,tiktok_likes,tiktok_views,explicit_track
Quantum Rain 2025,Origin Arc,Z. Ali,2/26/2021,UK4ZF2100069,2512,28.3,480737112.0,91401.0,37879799.0,66.0,55185277.0,280740.0,90700.0,11811407.0,149754997.0,0
Arctic Pulse 2025,Final Chapter,O. Dubois,12/1/2023,QMFMF2334329,1103,45.5,106290197.0,11766.0,9230911.0,70.0,139655492.0,229044.0,,7.0,245.0,1
Velvet Storm 2025,Origin Arc,M. Chen,7/7/2023,USUG12302091,2673,27.3,247056218.0,19231.0,16723973.0,69.0,41065721.0,1260603.0,139100.0,34732272.0,386594049.0,0
Violet Engine 2025,Open Sky,H. Andersson,9/29/2023,QZTPX2361588,2124,31.2,71190581.0,7887.0,3440542.0,70.0,127886162.0,447006.0,32200.0,607922.0,16097834.0,0
Iron Garden 2025,Legacy Cycle,T. Kim,6/29/2023,BCX5C2300009,3004,25.4,139669652.0,9634.0,9093959.0,39.0,138602281.0,827735.0,,,,0
Paper Kingdom 2025,Open Sky,Y. Tanaka,12/6/2023,QZHN22300206,718,57.1,4561175.0,1911.0,300718.0,,5599363.0,109997.0,1700000.0,1172078.0,16150470.0,0
Solar Drift 2025,Chronicles Saga,J. Martinez,3/28/2014,QMMZN1300568,4321,20.2,728140057.0,201363.0,35839296.0,74.0,251014567.0,3365976.0,197935.0,125260763.0,918538689.0,0
Broken Compass 2025,Open Sky,I. Hassan,2/23/2017,USWB11700237,624,61.0,1116304877.0,120975.0,28691304.0,66.0,2024330020.0,12350722.0,5384329.0,108811158.0,816827324.0,1
Jade Frequency 2025,Prime Story,L. Nakamura,10/20/2022,QZW9K2261810,4357,20.5,,10.0,359.0,7.0,,,,,,0
Parallel Lines 2025,Prime Story,Q. Jensen,10/21/2022,USUM72216687,1881,33.5,52106559.0,13612.0,2835147.0,61.0,70625059.0,637218.0,50210.0,9243349.0,81185287.0,0
Crimson Archive 2025,Final Chapter,Z. Ali,11/27/2020,QMFME2066843,3384,23.6,391087418.0,53386.0,13266439.0,66.0,367082304.0,2697123.0,6576.0,12303446.0,88351589.0,1
Hollow Crown 2025,Universe Zero,A. Volkov,5/15/2020,USDY42003198,3641,22.5,200520284.0,32859.0,6302679.0,64.0,477774248.0,3156383.0,619224.0,144110176.0,1255331962.0,0
Arctic Pulse 2025,Universe Zero,N. Fischer,2/6/2024,USSD12400017,2593,27.7,37814314.0,2461.0,22699959.0,,21688661.0,208161.0,202354.0,19478404.0,336367149.0,0
Silver Transit 2025,Universe Zero,W. Stone,2/24/2023,ZZOPM2342003,1479,38.1,3119521.0,560.0,10301672.0,30.0,436426901.0,1220159.0,,,,0
Electric Mirage 2025,Prime Story,H. Andersson,5/27/2022,USUM72208440,1769,34.6,225128269.0,23133.0,12193936.0,71.0,6417626.0,36749.0,19339.0,3634753.0,33305600.0,0
Feral Harmony 2025,Standalone,C. Wright,4/3/2024,USUM72403374,433,74.1,66836198.0,4228.0,57383746.0,77.0,43174948.0,552134.0,,,,1
Nova Protocol 2025,Dark Matter,G. Murphy,4/1/2022,ES71G2211486,2008,32.2,243125642.0,77523.0,7260157.0,74.0,173482368.0,821531.0,46000.0,6590357.0,70560340.0,0
Parallel Lines 2025,Dark Matter,Q. Jensen,10/28/2022,USRC12203917,3361,23.7,320296093.0,42685.0,19725874.0,76.0,27153913.0,493000.0,5300.0,4801108.0,38533990.0,0
Binary Sunset 2025,Dark Matter,J. Martinez,11/20/2020,USRN11900062,4235,20.5,177734775.0,25580.0,8683788.0,60.0,37838695.0,220814.0,22259.0,7070216.0,62353303.0,0
Lunar Cartography 2025,Prime Story,R. Silva,6/25/2021,USSD12100294,3460,23.2,293361823.0,61096.0,10057845.0,66.0,141862016.0,1051171.0,678500.0,156741590.0,1336043098.0,1
Velvet Storm 2025,Universe Zero,G. Murphy,2/10/2023,GX3Q92333626,52,200.3,104271.0,249.0,8585.0,25.0,2457026781.0,,190.0,36666.0,393580.0,0
Stone Butterfly 2025,Legacy Cycle,C. Wright,7/25/2022,QZMEM2268044,1397,39.7,2030.0,5.0,33.0,2.0,679269509.0,4540153.0,,,,0
Hollow Crown 2025,Final Chapter,M. Chen,5/26/2002,USIR10211066,2651,27.4,1958809069.0,282888.0,74055843.0,79.0,1463549979.0,10918289.0,41045.0,6151095.0,54356279.0,1
Binary Sunset 2025,Dark Matter,K. Olsen,12/21/2018,QZ45A1700093,2068,31.7,637055162.0,167409.0,20422800.0,77.0,138716504.0,1556410.0,10513.0,3916682.0,29554904.0,1
Thunder Archive 2025,Dark Matter,J. Martinez,4/17/2017,USUM71703825,284,91.5,1713294983.0,134700.0,39604784.0,65.0,2920155266.0,17308189.0,1323640.0,61011622.0,607999568.0,0
Northern Code 2025,Universe Zero,B. Carter,6/2/2022,THSOH2204284,1515,37.8,13219831.0,3136.0,395560.0,45.0,58017693.0,793077.0,4118069.0,292998461.0,3165914733.0,0
Deep Current 2025,Prime Story,T. Kim,11/13/2019,USQX91903309,2703,27.1,417311779.0,106485.0,11727622.0,61.0,325105642.0,5043313.0,475505.0,94185459.0,1001763796.0,1
Arctic Pulse 2025,Prime Story,R. Silva,8/31/2023,USSD12300381,1744,34.9,28210202.0,5046.0,2986473.0,,31452943.0,243718.0,823103.0,5145272.0,108989284.0,0
Electric Mirage 2025,Final Chapter,V. Popov,8/11/2023,SGB502390555,2172,30.8,39715603.0,13502.0,1974605.0,60.0,84439011.0,951441.0,466855.0,94227206.0,1032372538.0,0
Northern Code 2025,Final Chapter,E. Brooks,2/28/2023,SE5752322602,1416,39.2,2109876.0,1764.0,32374.0,33.0,435442321.0,3682385.0,,89.0,1239.0,1
Red Meridian 2025,Chronicles Saga,C. Wright,8/24/2023,USWB12304903,169,116.5,630373315.0,70400.0,105320547.0,84.0,50938569.0,246731.0,215433.0,70110809.0,586454750.0,0
Frozen Ledger 2025,Origin Arc,A. Volkov,2/1/2011,USJI11100017,3188,24.4,420074095.0,84668.0,21613334.0,65.0,571911363.0,3726047.0,247846.0,61579479.0,634498093.0,1
Desert Oracle 2025,Standalone,V. Popov,4/18/2024,USUG12401041,2304,29.8,122986507.0,2923.0,11950658.0,,6094390.0,70607.0,,272700.0,1800000.0,1
Iron Garden 2025,New Dawn,A. Volkov,11/20/2011,GBAHS1400099,3253,24.1,2502925593.0,212574.0,119020197.0,76.0,430771444.0,3399564.0,168386.0,63593438.0,548933681.0,0
Crystal Fault 2025,Legacy Cycle,K. Olsen,9/3/2021,USUM72119916,495,69.2,1502382072.0,240419.0,57503380.0,75.0,,,913200.0,449105708.0,4053240923.0,0
Golden Ratio 2025,New Dawn,L. Nakamura,3/17/2023,USUM72304040,3292,23.9,185448173.0,32140.0,17704359.0,66.0,64774453.0,486024.0,17536.0,2313721.0,19349275.0,1
Parallel Lines 2025,Chronicles Saga,R. Silva,7/31/2015,USUM71510633,2447,28.8,510138748.0,83010.0,18881944.0,70.0,486163241.0,3542793.0,44861.0,11918324.0,63978184.0,1
Glass Reactor 2025,New Dawn,B. Carter,3/28/2024,USWL12400693,2806,26.5,25813787.0,3297.0,10885827.0,68.0,27340680.0,205074.0,,,,1
Silver Transit 2025,Prime Story,N. Fischer,1/21/2022,USAT22200200,4119,20.9,53849840.0,27244.0,2184520.0,60.0,60416082.0,619963.0,23588.0,5255275.0,40727724.0,1
Electric Mirage 2025,Legacy Cycle,M. Chen,5/4/2023,QZXSR2300001,4109,21.0,113402349.0,14752.0,9813030.0,66.0,69436829.0,416921.0,34800.0,2064549.0,32900841.0,0
Kinetic Prayer 2025,Dark Matter,T. Kim,10/21/2022,USUG12205737,3139,24.6,429910250.0,32432.0,18417473.0,64.0,60531630.0,1025941.0,400127.0,49555205.0,380293826.0,1
Parallel Lines 2025,Standalone,R. Silva,8/24/2023,DECE72302560,2847,26.2,91200208.0,31859.0,7752540.0,69.0,9615800.0,108288.0,1020.0,502312.0,4482394.0,0
Hyperion Rise 2025,Universe Zero,V. Popov,1/4/2019,GB2LD1800949,418,75.2,737097685.0,155765.0,20317539.0,68.0,1098942075.0,19179674.0,6010728.0,735932695.0,8841517566.0,0
White Noise 2025,New Dawn,C. Wright,7/15/2022,US5TA2200033,4128,20.9,95952617.0,10516.0,3921848.0,56.0,259567120.0,4792675.0,94849.0,110711487.0,745339618.0,0
Quantum Rain 2025,Chronicles Saga,L. Nakamura,9/29/2023,ITQ002301128,4204,20.6,67967157.0,3843.0,8133274.0,62.0,64206693.0,380795.0,,,,0
Winter Echo 2025,Origin Arc,A. Volkov,1/10/2024,USSM12309167,3407,23.5,47098347.0,15845.0,17899427.0,,1767046.0,28517.0,,,,1
Blue Static 2025,Dark Matter,B. Carter,5/11/2018,USUM71804471,2835,26.3,580941059.0,55176.0,15983158.0,64.0,965441155.0,3017656.0,14706.0,1960151.0,19928111.0,0
Ember Valley 2025,Universe Zero,M. Chen,10/17/2023,ES64E2323174,2410,29.0,1271094976.0,1.0,5.0,,,,,,,0
Neon Horizon 2025,Origin Arc,G. Murphy,8/11/2023,QZPLS2305267,312,86.5,214598468.0,66613.0,6363839.0,74.0,145094088.0,2568642.0,8397.0,1367633.0,35469076.0,1
Digital Saints 2025,Dark Matter,H. Andersson,4/12/2018,GBUM71800366,811,53.9,1790579305.0,180069.0,75602805.0,76.0,792369989.0,7627895.0,226361.0,15100678.0,81167209.0,0
Northern Code 2025,Standalone,D. Rossi,9/14/2023,USRV82300987,2913,25.8,1256101755.0,,,,,,,,,1
Deep Current 2025,Chronicles Saga,S. Patel,10/20/2022,DEA622201528,3822,21.8,131713257.0,43947.0,6669237.0,58.0,33686131.0,355898.0,33909.0,7289705.0,94823161.0,1
Nova Protocol 2025,Standalone,R. Silva,1/1/2009,USUM70918596,1624,36.4,1229109018.0,166904.0,87537106.0,77.0,2049116263.0,11229749.0,232899.0,87766017.0,687368332.0,1
Parallel Lines 2025,Legacy Cycle,V. Popov,3/8/2019,USUG11903492,1538,37.5,925747848.0,178435.0,28731824.0,67.0,533593108.0,4430967.0,20826.0,4543786.0,28961155.0,1
Frozen Ledger 2025,Standalone,J. Martinez,11/2/2018,USUG11802481,3894,21.6,630863087.0,164540.0,26346726.0,71.0,93297998.0,924489.0,2782.0,830969.0,9867664.0,1
Silver Transit 2025,New Dawn,O. Dubois,5/12/2023,TCJPV2340443,3707,22.2,1617307191.0,,,,,,,,,1
Velvet Storm 2025,Legacy Cycle,C. Wright,12/24/2022,JPWP02202338,2769,26.7,118164.0,91.0,607.0,10.0,341971709.0,1203797.0,4.0,2599.0,20739.0,1
Violet Engine 2025,Dark Matter,L. Nakamura,10/6/2023,QMDA72364151,4064,21.1,58048453.0,6562.0,1953126.0,,67978137.0,688436.0,86755.0,5327214.0,51771253.0,0
Frozen Ledger 2025,New Dawn,F. Nguyen,4/7/2023,USSM12302165,1275,41.9,269669185.0,44019.0,21429823.0,67.0,29035288.0,608532.0,581320.0,71546908.0,531883271.0,0
City of Glass 2025,New Dawn,Y. Tanaka,1/19/2018,TCADL1840559,3767,22.0,633467655.0,74321.0,32015799.0,63.0,26434293.0,260550.0,1414817.0,162027612.0,1120361528.0,0
Shadow Circuit 2025,Standalone,S. Patel,2/15/2024,GBAHT2301078,106,148.9,251153869.0,16811.0,92985554.0,76.0,66691067.0,961957.0,102884.0,34572688.0,431390500.0,0
Broken Compass 2025,Legacy Cycle,P. Singh,9/24/2015,ES5701500670,4501,19.6,395303355.0,39270.0,14763690.0,65.0,1089620434.0,2743125.0,21780.0,3185623.0,32115493.0,0
Northern Code 2025,Standalone,G. Murphy,12/6/2019,USSM11912588,442,73.2,1670164200.0,171120.0,93127826.0,78.0,721445001.0,8290855.0,381926.0,125662413.0,805399161.0,0
Glass Reactor 2025,Open Sky,R. Silva,7/6/2017,USSM11705546,1267,42.0,1150653471.0,195032.0,31101180.0,70.0,822892668.0,6651112.0,909432.0,91295431.0,812215684.0,1
Ghost Frequency 2025,Legacy Cycle,J. Martinez,12/10/2021,USUM72123054,3939,21.5,255973824.0,28166.0,14221715.0,71.0,230466044.0,1013942.0,122297.0,27668937.0,333978136.0,0
Infinite Margin 2025,Universe Zero,W. Stone,6/22/2023,QZ9QQ2300457,668,58.9,502536183.0,37578.0,22883474.0,77.0,151406654.0,886902.0,380400.0,77609922.0,866457165.0,1
Burning Atlas 2025,Final Chapter,V. Popov,4/25/2024,FR8EU2300010,3359,23.7,18919068.0,4186.0,20278718.0,74.0,1025503.0,18910.0,,,,0
Violet Engine 2025,Universe Zero,F. Nguyen,5/18/2024,USA2P2428771,3174,24.5,11107400.0,614.0,35459248.0,,10855044.0,227373.0,,,,0
Iron Garden 2025,Universe Zero,K. Olsen,8/12/2022,USUM72215262,468,71.2,549382975.0,88241.0,44497733.0,64.0,128432797.0,2507944.0,777200.0,583041946.0,5107877505.0,1
Obsidian Heart 2025,Dark Matter,Q. Jensen,7/8/2021,ARGT32100004,2935,25.7,472107491.0,65462.0,8388402.0,63.0,221630313.0,1721936.0,121905.0,37557078.0,295962547.0,0
Desert Oracle 2025,New Dawn,E. Brooks,5/23/2024,QM6N22481184,4437,19.8,4453194.0,287.0,4319515.0,64.0,9104356.0,198623.0,,,,1
Iron Garden 2025,Prime Story,C. Wright,7/29/2022,QZAPK2000269,3938,21.5,162889846.0,45505.0,2568098.0,69.0,82186979.0,804789.0,16659.0,8712382.0,49371617.0,1
Winter Echo 2025,Open Sky,Y. Tanaka,2/5/2021,USUG12106692,2485,28.6,669099980.0,87216.0,26997782.0,76.0,213028772.0,2081644.0,771.0,6034599.0,101980300.0,0
Ocean of Stars 2025,Standalone,K. Olsen,5/10/2019,QM9WM1900108,2483,28.6,28185177.0,6572.0,781594.0,42.0,1163245760.0,5110945.0,37518.0,2306029.0,20930088.0,0
Silent Protocol 2025,Standalone,R. Silva,10/5/2023,QZ9QQ2300724,685,58.3,363816146.0,16161.0,16393454.0,80.0,189158687.0,768324.0,64160.0,13838072.0,114779266.0,1
Ghost Frequency 2025,Prime Story,L. Nakamura,6/9/2023,QZQAY2395569,1510,37.8,96289114.0,24566.0,8733511.0,67.0,33861736.0,296191.0,522400.0,159504238.0,1094402576.0,1
Hyperion Rise 2025,Standalone,F. Nguyen,8/11/2017,USDPK1700118,3147,24.6,253490559.0,78414.0,9539906.0,20.0,157050046.0,2249067.0,4715901.0,389010308.0,4610799658.0,1
Electric Mirage 2025,Standalone,W. Stone,8/19/2022,JPPO02202918,1045,46.9,239149370.0,46984.0,6134615.0,67.0,281173184.0,3281196.0,1132387.0,226568824.0,2285171989.0,0
Stone Butterfly 2025,Legacy Cycle,J. Martinez,4/15/2022,USWB12200942,2867,26.1,346862697.0,72540.0,23493477.0,67.0,28725574.0,481537.0,60398.0,29004515.0,186623555.0,1
Parallel Lines 2025,Open Sky,R. Silva,2/12/2016,USSM11600557,1897,33.3,884825594.0,165579.0,32192169.0,72.0,838504706.0,3635933.0,14065.0,3965043.0,39734161.0,1
Digital Saints 2025,Final Chapter,Z. Ali,5/13/2022,GBARL2201151,891,51.2,121214716.0,37436.0,6111674.0,56.0,12801028.0,183570.0,4762920.0,1378075519.0,14693507776.0,0
Aurora Debt 2025,Origin Arc,T. Kim,4/18/2024,USUG12401043,3863,21.7,83518075.0,2267.0,5904252.0,,3279453.0,42516.0,,116300.0,981800.0,0
Parallel Lines 2025,New Dawn,R. Silva,11/20/2015,GBBKS1500217,2305,29.8,1284096603.0,117365.0,41710598.0,71.0,1021758621.0,6306795.0,51713.0,51633844.0,348333229.0,0
Red Meridian 2025,Universe Zero,B. Carter,4/22/2015,QM4ZV1500057,4327,20.2,493444344.0,48491.0,27331765.0,76.0,110108631.0,979538.0,669052.0,189101077.0,1951015670.0,0
Final Orbit 2025,Prime Story,G. Murphy,10/27/2021,USUM72120989,2728,26.9,313209345.0,57092.0,6389142.0,65.0,,,33762.0,17669829.0,145431218.0,0
Binary Sunset 2025,Open Sky,Z. Ali,7/31/2015,GBUM71504503,4246,20.5,624262344.0,152117.0,23361260.0,68.0,139990813.0,953527.0,30003.0,5605679.0,61873397.0,0
Neon Horizon 2025,Origin Arc,G. Murphy,4/4/2016,USCM51600028,518,67.9,3192204066.0,379853.0,131832723.0,82.0,456806913.0,5068762.0,2381341.0,51227212.0,388544079.0,0
Arctic Pulse 2025,Universe Zero,I. Hassan,4/12/2024,GBCAD2000628,974,48.9,562814594.0,17.0,25810.0,,,,,,,0
Golden Ratio 2025,Standalone,S. Patel,1/7/2021,USWB12004547,622,61.0,571532926.0,95775.0,30817811.0,66.0,480128955.0,4921945.0,2150682.0,255722462.0,2362426981.0,1
Broken Compass 2025,Origin Arc,J. Martinez,10/13/2023,QMFME2364190,2544,28.1,101706440.0,22195.0,4712903.0,,37327301.0,496072.0,608.0,1421099.0,11568535.0,1
Silver Transit 2025,Open Sky,J. Martinez,3/16/2023,USE7D2300007,84,166.5,1215336974.0,129463.0,39814172.0,74.0,701880622.0,3831236.0,5416.0,550073.0,15373104.0,0
Quantum Rain 2025,Origin Arc,G. Murphy,7/21/2023,USA2P2330072,3425,23.4,165916276.0,17423.0,3301778.0,70.0,52705822.0,887461.0,43015.0,13217486.0,92644726.0,0
Velvet Storm 2025,Dark Matter,J. Martinez,8/31/2018,USSM11914456,815,53.7,634493511.0,89559.0,32092279.0,66.0,325005278.0,4709406.0,11714753.0,557393131.0,6459413096.0,0
City of Glass 2025,Legacy Cycle,Z. Ali,5/14/2021,USUG12101253,1009,47.8,2167768056.0,12805.0,3065794.0,54.0,,,,,,0
Aurora Debt 2025,Final Chapter,Q. Jensen,6/9/2024,CA5KR2466583,3870,21.7,24071511.0,2.0,2190.0,1.0,,,,,,0
Northern Code 2025,Prime Story,C. Wright,8/10/2023,USUG12305253,128,136.2,438796949.0,23959.0,34805394.0,78.0,509727241.0,2202866.0,1223804.0,46080266.0,782582119.0,0
Burning Atlas 2025,Universe Zero,H. Andersson,3/29/2024,FRX202467703,3090,24.9,49161062.0,3056.0,6115142.0,74.0,20068962.0,94182.0,,,,0
Crimson Archive 2025,Dark Matter,G. Murphy,5/25/2018,USUM71911283,165,117.6,2738293818.0,251033.0,108433327.0,74.0,2372399124.0,26919886.0,5815851.0,140938643.0,1859977153.0,0
Nova Protocol 2025,Prime Story,I. Hassan,8/20/2022,QZN882262975,2974,27.3,1490710634.0,11.0,1849.0,,,,,,,0
Quantum Rain 2025,New Dawn,S. Patel,10/6/2022,IDA832200929,3917,21.6,3479935.0,487.0,24227.0,29.0,45732371.0,409950.0,1802891.0,176753219.0,2877575926.0,0
Jade Frequency 2025,Chronicles Saga,J. Martinez,5/20/2022,GB5KW2103369,3199,24.4,839345554.0,295.0,20447.0,23.0,,,,,,0
Broken Compass 2025,Final Chapter,T. Kim,5/31/2024,KRD442400011,282,91.7,10135326.0,678.0,14542753.0,31.0,29271837.0,586888.0,,,,0
Shadow Circuit 2025,Final Chapter,O. Dubois,12/13/2019,USUM71924087,2661,27.3,396184710.0,62515.0,16214167.0,65.0,656159660.0,2808401.0,712.0,216831.0,1796651.0,0
Feral Harmony 2025,Prime Story,V. Popov,9/16/2022,GBKPL2205058,918,50.5,710784872.0,64517.0,191969474.0,90.0,44322144.0,594352.0,129300.0,118218973.0,1027806256.0,0
Hyperion Rise 2025,Open Sky,O. Dubois,3/1/2024,USSM12400672,1435,38.9,40447209.0,4358.0,14370644.0,,20161600.0,421776.0,,215200.0,4614000.0,0
City of Glass 2025,Prime Story,F. Nguyen,7/22/2022,ITI022200181,3866,21.7,,4.0,271.0,,354682832.0,389042.0,,,,0
Broken Compass 2025,New Dawn,K. Olsen,5/28/2024,KRA402400030,214,104.5,8078265.0,207.0,12311489.0,68.0,44927750.0,931230.0,,,,0
Infinite Margin 2025,Standalone,E. Brooks,10/26/2020,US5TA2000134,2200,30.5,384886220.0,32051.0,9361355.0,65.0,681682229.0,7966863.0,243659.0,94368004.0,666762692.0,0
Glass Reactor 2025,Dark Matter,B. Carter,8/19/2022,SE6XW2261728,3059,25.0,262082601.0,29563.0,9809007.0,67.0,178440164.0,1191857.0,220503.0,78149876.0,663874319.0,0
Violet Engine 2025,Universe Zero,A. Volkov,9/3/2021,USUG12104408,4267,20.4,219008713.0,75763.0,15186307.0,62.0,45087615.0,436734.0,18678.0,7831496.0,99452041.0,1
Kinetic Prayer 2025,Standalone,M. Chen,6/22/2015,USUM71508741,4342,20.2,701552110.0,49025.0,16106848.0,60.0,581362473.0,4012591.0,91650.0,19790131.0,155603416.0,0
Infinite Margin 2025,Prime Story,C. Wright,6/1/2023,USWL12300725,336,83.3,373898429.0,53671.0,24287193.0,72.0,314467618.0,1775081.0,782114.0,148537760.0,1715842070.0,0
Red Meridian 2025,Legacy Cycle,M. Chen,1/1/2013,USUM71312049,3409,23.5,339514083.0,62118.0,14714742.0,63.0,1077541932.0,5697309.0,791577.0,18838361.0,164169789.0,1
Violet Engine 2025,Universe Zero,O. Dubois,5/15/2024,QZ9QQ2400324,1032,47.4,38139811.0,1763.0,29137587.0,79.0,19437867.0,412418.0,,,,0
Stone Butterfly 2025,Standalone,K. Olsen,6/19/2020,QZLQR2052977,1721,35.2,81182241.0,2.0,18.0,,1138411241.0,9088368.0,897400.0,31231758.0,408728922.0,0
Ocean of Stars 2025,Universe Zero,M. Chen,1/1/2012,USNPD1200128,3400,23.5,508914869.0,86239.0,25204530.0,70.0,1529347092.0,6057759.0,55811.0,8937199.0,73318392.0,0
Midnight Cartel 2025,Dark Matter,Z. Ali,6/6/2024,USEP42414005,3879,21.7,4094651.0,471.0,11007124.0,65.0,,,,,,1
Ocean of Stars 2025,Legacy Cycle,N. Fischer,2/4/2022,USA2P2201279,3067,25.0,142809304.0,56014.0,16171357.0,64.0,47750136.0,294089.0,7643.0,897890.0,16804128.0,0
Red Meridian 2025,Prime Story,R. Silva,2/4/2021,QM4TW2136314,1130,44.7,642558596.0,106151.0,40485324.0,64.0,357508658.0,2089382.0,1884605.0,309769907.0,2853555921.0,0
Echo Chamber 2025,Prime Story,T. Kim,4/16/2019,USATO1900023,4014,21.3,215492373.0,91317.0,9796420.0,67.0,291742629.0,2585653.0,5685.0,2212496.0,64559724.0,0
Iron Garden 2025,Origin Arc,Z. Ali,4/10/2023,JPU902300267,4429,19.8,98476020.0,15170.0,5083474.0,65.0,103175548.0,656387.0,,,,0
Iron Garden 2025,Final Chapter,T. Kim,8/28/2023,QMDA62341721,3098,24.8,170061927.0,25409.0,6402061.0,,16584925.0,164836.0,17300.0,5289362.0,38178869.0,0
Stone Butterfly 2025,Origin Arc,A. Volkov,4/26/2023,NGA3B2314006,1387,39.8,111124873.0,35929.0,7199181.0,65.0,103077029.0,789321.0,266204.0,24751762.0,291086000.0,1
Red Meridian 2025,Final Chapter,V. Popov,5/22/2019,USUM71910037,4531,19.6,265520736.0,102073.0,10291092.0,61.0,267792071.0,2624568.0,21717.0,6016370.0,46409820.0,1
Northern Code 2025,Universe Zero,G. Murphy,2/16/2024,USAT22314248,1854,33.7,99946842.0,9128.0,36536793.0,78.0,4417747.0,54887.0,,309855.0,2306041.0,0
Ember Valley 2025,Prime Story,N. Fischer,2/8/2024,USUM72400409,864,52.2,89513100.0,8049.0,60410593.0,75.0,38613955.0,433335.0,,14000.0,52800.0,1
White Noise 2025,Origin Arc,K. Olsen,2/29/2020,QM4TX2030965,1331,40.7,868744690.0,116275.0,31273843.0,70.0,491413241.0,3414196.0,1386728.0,112367323.0,989597627.0,1
Kinetic Prayer 2025,Universe Zero,W. Stone,2/12/2020,QMRSZ2000128,1550,37.3,426425213.0,79159.0,7658013.0,56.0,140168452.0,1822530.0,264545.0,41846519.0,344434215.0,0
Lunar Cartography 2025,Standalone,P. Singh,1/1/2012,USUM71211793,1063,46.5,1419912461.0,180128.0,62951327.0,70.0,2336257288.0,11532780.0,12421.0,899775.0,6890158.0,0
Paper Kingdom 2025,Universe Zero,E. Brooks,8/13/2021,USAT22103652,206,106.2,1128273165.0,193857.0,61311826.0,70.0,499895662.0,6801671.0,2167302.0,1127247971.0,12414681151.0,1
Crimson Archive 2025,Dark Matter,R. Silva,8/6/2021,USUM72113370,4467,19.7,176048317.0,70149.0,13900314.0,54.0,27753856.0,516329.0,118.0,38948.0,571049.0,1
Ocean of Stars 2025,New Dawn,P. Singh,11/19/2020,INS402000018,1889,33.4,76630812.0,8933.0,1073356.0,51.0,964253382.0,9620300.0,199165.0,7327817.0,99450429.0,0
Deep Current 2025,New Dawn,H. Andersson,3/27/2020,GBAHT2000834,3532,22.9,381166294.0,50838.0,9475236.0,57.0,168485708.0,1688852.0,1500542.0,51527633.0,728998950.0,0
Iron Garden 2025,Prime Story,L. Nakamura,1/17/2024,ES64E2455101,626,64.9,846435891.0,1.0,42.0,,,,,,,0
Electric Mirage 2025,New Dawn,Q. Jensen,4/14/2017,USUM71703086,4380,20.0,669703929.0,101138.0,18743066.0,73.0,234757944.0,2316992.0,40.0,10010.0,73180.0,1
Last Signal 2025,Origin Arc,N. Fischer,6/16/2017,GBARL1700772,2626,27.5,1120187276.0,153725.0,45935052.0,70.0,80920611.0,707090.0,1758196.0,369847461.0,2745676769.0,1
Obsidian Heart 2025,Universe Zero,G. Murphy,4/12/2024,USUS12400227,345,82.5,29458027.0,2602.0,6588032.0,78.0,8529869.0,225779.0,439200.0,8820761.0,87680200.0,0
Echo Chamber 2025,Origin Arc,T. Kim,3/24/2023,US6XF2200436,112,144.5,518988585.0,73116.0,58391498.0,80.0,107703759.0,768813.0,354036.0,74258021.0,924204888.0,0
Neon Horizon 2025,Open Sky,K. Olsen,5/17/2021,KRA302100169,2715,27.0,245384123.0,26925.0,9940497.0,68.0,514192282.0,6129641.0,94211.0,98935007.0,693149332.0,0
Thunder Archive 2025,Universe Zero,D. Rossi,6/16/2023,GBARL2300301,2314,29.8,57151.0,92.0,28566.0,14.0,57477.0,1150.0,,,,0
City of Glass 2025,Open Sky,M. Chen,11/2/2018,USUG11802484,2416,29.0,917916061.0,204396.0,35887216.0,75.0,182161713.0,2330786.0,41674.0,56229098.0,405647527.0,1
Golden Ratio 2025,Standalone,A. Volkov,12/6/2019,GBMYF1900115,1615,36.5,789418331.0,170553.0,31361482.0,78.0,100552408.0,2069625.0,631299.0,191909759.0,1315165820.0,0
Northern Code 2025,Dark Matter,P. Singh,2/28/2020,USUM71917357,4524,19.6,377746254.0,41379.0,13698064.0,62.0,192582605.0,2080748.0,42881.0,11641151.0,102362534.0,0
Arctic Pulse 2025,Final Chapter,J. Martinez,3/29/2024,DEE862400427,111,144.6,168145583.0,27654.0,159737263.0,85.0,35008949.0,717214.0,,,,0
Quantum Rain 2025,Dark Matter,L. Nakamura,1/1/2011,USCN11100078,4530,19.6,464203349.0,69767.0,12116553.0,70.0,192327944.0,1072108.0,105583.0,24892738.0,136935165.0,0
Golden Ratio 2025,Open Sky,Y. Tanaka,4/28/2021,FR9W12110749,2539,28.1,304069347.0,89224.0,17836102.0,63.0,87407927.0,580798.0,20117.0,6207518.0,94926621.0,0
Quantum Rain 2025,Universe Zero,S. Patel,6/9/2023,DEEC33501048,4016,21.3,34601626.0,34272.0,14914861.0,65.0,,,623.0,60724.0,869444.0,0
Arctic Pulse 2025,New Dawn,H. Andersson,1/24/2023,QM4TW2315684,522,67.4,668103212.0,52040.0,23580184.0,69.0,417352534.0,2399654.0,,63.0,1213.0,1
Stone Butterfly 2025,Legacy Cycle,A. Volkov,2/11/2022,USWL12200130,3758,22.1,409608018.0,35760.0,13777862.0,70.0,144073017.0,744920.0,121400.0,26034148.0,274609855.0,0
Deep Current 2025,Dark Matter,P. Singh,5/20/2022,QMRSZ2200986,1906,33.2,156975001.0,21559.0,5658951.0,68.0,96079749.0,597275.0,192794.0,29435568.0,313652545.0,0
Nova Protocol 2025,Chronicles Saga,O. Dubois,12/8/2017,USWL11700269,3441,23.3,579189526.0,60397.0,11805084.0,65.0,828853696.0,3086157.0,84450.0,21202350.0,158504854.0,0
Parallel Lines 2025,Final Chapter,H. Andersson,6/2/2023,QM6P42364524,671,58.8,44557662.0,9405.0,3224288.0,59.0,88674781.0,431451.0,2644100.0,87005227.0,1729443890.0,1
Iron Garden 2025,Origin Arc,J. Martinez,9/28/2023,GBMW42301521,2963,25.6,22552299.0,1850.0,2721792.0,,136381379.0,1340784.0,,,,0
Winter Echo 2025,Final Chapter,I. Hassan,7/21/2023,USAT22305730,1652,36.0,860026452.0,19743.0,10536844.0,67.0,51745.0,411.0,495200.0,203389233.0,2419873472.0,0
Deep Current 2025,Dark Matter,L. Nakamura,6/24/2020,QMEZE2076989,3265,24.1,335604759.0,47721.0,9209948.0,3.0,155802565.0,3846286.0,1961193.0,340937251.0,2759903957.0,0
Hollow Crown 2025,Origin Arc,S. Patel,6/17/2022,ITC6Q2200040,2761,26.7,120605300.0,50347.0,2257680.0,66.0,116373773.0,1063920.0,316335.0,18244859.0,261974228.0,1
Quantum Rain 2025,Origin Arc,A. Volkov,7/30/2021,USAT22104222,2733,26.9,248947222.0,70726.0,16159530.0,63.0,129102965.0,1676120.0,1494.0,372385.0,5258682.0,0
Kinetic Prayer 2025,Legacy Cycle,A. Volkov,11/29/2021,USRC12103471,1374,40.0,169074195.0,77071.0,7941140.0,59.0,121560768.0,904837.0,79231.0,28448143.0,214484764.0,1
Burning Atlas 2025,Chronicles Saga,R. Silva,7/21/2023,USAT22305736,4124,20.9,126219979.0,18525.0,2916952.0,60.0,28725678.0,608921.0,97794.0,79338367.0,560299833.0,0
Paper Kingdom 2025,Chronicles Saga,K. Olsen,1/31/2017,USUM71700626,119,142.2,3006226762.0,335880.0,89243475.0,81.0,4495059988.0,42240881.0,5745117.0,453132709.0,5876458723.0,0
Final Orbit 2025,Legacy Cycle,J. Martinez,6/12/2020,TCAEW2040509,1999,32.3,495274429.0,128838.0,28968321.0,63.0,78671735.0,609580.0,94400.0,23269837.0,354473655.0,1
Carbon Dreams 2025,Legacy Cycle,O. Dubois,3/25/2021,USUM72023902,1780,34.5,304116211.0,21517.0,8048081.0,72.0,692863553.0,2439195.0,186881.0,13802946.0,184413760.0,0
Paper Kingdom 2025,Final Chapter,Y. Tanaka,1/1/2010,USSM11002931,1113,45.1,1791778314.0,344490.0,131726745.0,81.0,599930123.0,5713061.0,786192.0,342804034.0,2757623631.0,0
Carbon Dreams 2025,Universe Zero,T. Kim,6/22/2023,FR6P12300670,4457,19.7,31038318.0,9392.0,2015738.0,57.0,100634134.0,570025.0,,,,1
Hollow Crown 2025,Legacy Cycle,S. Patel,8/18/2023,USRC12302098,2000,32.3,190634973.0,37824.0,13018777.0,79.0,12371887.0,154516.0,,,,1
Final Orbit 2025,Final Chapter,B. Carter,10/5/2018,USUM71813195,901,50.9,1269760706.0,137601.0,32384233.0,76.0,824308720.0,4676578.0,1213771.0,33512447.0,573562180.0,0
Midnight Cartel 2025,Legacy Cycle,A. Volkov,8/10/2017,SE5R71700101,3662,22.4,1074175360.0,135290.0,29277394.0,73.0,293084186.0,2973334.0,180391.0,19770288.0,229614343.0,1
Feral Harmony 2025,Origin Arc,C. Wright,12/31/2017,PKA0A1800272,2463,28.7,,1.0,11.0,,1651471016.0,9796166.0,,,,0
Hollow Crown 2025,Chronicles Saga,E. Brooks,1/19/2024,USRC12303405,3261,24.1,12032878.0,3204.0,6664877.0,,1683275.0,38016.0,,,,0
White Noise 2025,Universe Zero,Z. Ali,6/8/2018,USAT21802013,2232,30.3,390529605.0,68181.0,10506568.0,67.0,388438653.0,6747169.0,4480319.0,1314071004.0,15189209474.0,1
Northern Code 2025,Standalone,C. Wright,1/1/2013,GBCEL1300370,3008,25.4,1687828519.0,272010.0,71727595.0,80.0,527397003.0,5344645.0,8490.0,8308615.0,45596295.0,0
Jade Frequency 2025,Standalone,S. Patel,3/21/2023,QZWA32200112,3048,25.1,127806442.0,39971.0,12569591.0,69.0,,,,,,1
Glass Reactor 2025,Chronicles Saga,Q. Jensen,9/30/2016,TCACS1630643,2199,30.5,462055272.0,54302.0,17847539.0,71.0,1546120738.0,7974135.0,360400.0,75766885.0,648582782.0,1
Electric Mirage 2025,New Dawn,W. Stone,7/30/2023,QZNWX2385075,4528,19.6,36975805.0,2385.0,806413.0,,87923967.0,442748.0,233053.0,45997476.0,724187108.0,0
Glass Reactor 2025,Final Chapter,P. Singh,11/4/2022,USUG12208608,3399,23.5,143220845.0,57819.0,6493900.0,61.0,17892665.0,186286.0,8535.0,2306269.0,26577093.0,1
Solar Drift 2025,Legacy Cycle,F. Nguyen,2/8/2018,USUM71800892,4324,20.2,653490628.0,122994.0,17631951.0,62.0,97882796.0,935978.0,98865.0,47072411.0,314775951.0,1
Arctic Pulse 2025,Prime Story,C. Wright,5/4/2015,USUM71505606,4094,21.0,520407542.0,64298.0,14431993.0,66.0,648838091.0,2919414.0,3394835.0,66783189.0,523812670.0,1
Echo Chamber 2025,New Dawn,I. Hassan,1/5/2024,NL4LA2300002,4103,21.0,7506086.0,2054.0,1830094.0,,63598076.0,407070.0,,,,0
Burning Atlas 2025,Origin Arc,H. Andersson,12/3/2021,ZA34K2100657,1595,36.7,223634694.0,85051.0,6093468.0,62.0,172919874.0,1244703.0,725830.0,57078249.0,968182145.0,0
Jade Frequency 2025,Dark Matter,I. Hassan,4/12/2023,USAT22304032,3078,25.0,174154846.0,31199.0,4685875.0,14.0,152441.0,3007.0,,225.0,2771.0,0
Parallel Lines 2025,Standalone,B. Carter,6/10/2022,USRC12202117,1219,42.9,401066217.0,70661.0,51920160.0,69.0,54641192.0,657641.0,420.0,8253.0,172191.0,0
Burning Atlas 2025,Universe Zero,T. Kim,9/5/2017,TCADG1741539,4279,20.4,333141510.0,89320.0,8824592.0,66.0,598853994.0,8509686.0,27645.0,10827772.0,95172888.0,1
Stone Butterfly 2025,Dark Matter,O. Dubois,10/13/2023,QMFME2364185,3854,21.7,95925842.0,16712.0,10256270.0,,28849994.0,317982.0,,5399176.0,27249793.0,1
Crimson Archive 2025,Final Chapter,Q. Jensen,1/10/2024,RUA1H2415548,25,277.5,,1.0,2.0,,,,9453333.0,273236305.0,4306269694.0,0
Last Signal 2025,Open Sky,P. Singh,5/24/2024,USA2P2421303,1958,32.6,31453044.0,763.0,32866636.0,80.0,8834117.0,1274824.0,,,,1
Obsidian Heart 2025,Final Chapter,E. Brooks,1/1/2014,DEA621400286,4372,20.1,1074583619.0,152685.0,43023486.0,69.0,631896.0,5935.0,29628.0,15236347.0,138609613.0,0
Echo Chamber 2025,Origin Arc,T. Kim,7/10/2015,USAT21501777,2349,29.4,349538935.0,48604.0,10908000.0,67.0,147735161.0,2427913.0,12087056.0,218008359.0,2568929437.0,0
Electric Mirage 2025,Prime Story,G. Murphy,2/2/2024,USUG12400010,3128,24.7,56789868.0,12822.0,2975994.0,,1611737.0,30207.0,,,,1
White Noise 2025,Universe Zero,J. Martinez,5/3/2024,USUM72404717,3591,22.7,5588636.0,1252.0,7389987.0,,5680064.0,87918.0,,,,1
Hyperion Rise 2025,Open Sky,S. Patel,11/20/2020,QMCE32000678,4480,19.7,208151054.0,38294.0,10075280.0,59.0,218386390.0,2462386.0,632550.0,307941931.0,2020694174.0,1
Nova Protocol 2025,Universe Zero,M. Chen,3/5/2021,USAT22100906,161,120.1,1312168384.0,248793.0,50068571.0,75.0,993324548.0,9537455.0,1503567.0,369280607.0,3350704343.0,0
Broken Compass 2025,New Dawn,J. Martinez,9/21/2018,GBAHS1800674,3183,24.4,527760843.0,46844.0,12544188.0,59.0,684308632.0,3187514.0,567303.0,32541583.0,367325979.0,0
Crimson Archive 2025,Open Sky,T. Kim,9/7/2023,USSD12300253,3429,23.4,103722826.0,13322.0,11067087.0,,55495034.0,291171.0,90830.0,8610012.0,81845600.0,0
Digital Saints 2025,Origin Arc,O. Dubois,4/3/2020,USUM72002612,1694,35.5,427998483.0,56978.0,13109496.0,63.0,647941340.0,3317927.0,1196371.0,60004394.0,420502302.0,0
Echo Chamber 2025,Universe Zero,Y. Tanaka,3/3/2023,USSD12300040,510,68.2,528420867.0,59791.0,80570021.0,75.0,211317309.0,842146.0,252314.0,28930444.0,451806178.0,0
Stone Butterfly 2025,New Dawn,E. Brooks,9/6/2019,QM9WM1900144,3396,23.5,207093355.0,33813.0,5671029.0,55.0,683691095.0,3379761.0,333046.0,52979754.0,534205330.0,1
Desert Oracle 2025,New Dawn,T. Kim,4/10/2024,BXW922400001,3806,21.9,34042262.0,3323.0,20484664.0,74.0,11039801.0,333828.0,,,,1
Binary Sunset 2025,New Dawn,N. Fischer,3/17/2023,BCX5C2300005,2692,27.1,149455007.0,13028.0,12083352.0,17.0,185077693.0,990325.0,101800.0,22395889.0,272723903.0,1
Ghost Frequency 2025,Universe Zero,Y. Tanaka,6/6/2024,QM6MZ2489483,3315,23.8,5698784.0,846.0,15037150.0,67.0,,,,,,1
Echo Chamber 2025,New Dawn,Y. Tanaka,10/19/2018,USUM71903117,3375,23.6,625999943.0,100418.0,27719646.0,73.0,,,356553.0,51219101.0,415561032.0,1
Arctic Pulse 2025,Dark Matter,J. Martinez,12/15/2022,US39N2203950,526,66.9,415699405.0,131562.0,25729246.0,70.0,120716253.0,1505981.0,71800.0,43271885.0,459919455.0,1
Electric Mirage 2025,New Dawn,K. Olsen,6/11/2021,USA2P2120718,1748,34.9,449513936.0,160789.0,40271009.0,72.0,1063180.0,11919.0,310148.0,90949587.0,1286306864.0,0
Electric Mirage 2025,Open Sky,D. Rossi,5/17/2018,GBAHS1800328,1246,42.4,1042065058.0,114049.0,30877323.0,64.0,90354845.0,1452644.0,7280799.0,217591835.0,3283690900.0,0
Violet Engine 2025,Open Sky,Z. Ali,9/16/2022,SGB502250429,3130,24.7,546633.0,253.0,17668.0,28.0,98636.0,1771.0,2300556.0,14806470.0,276763604.0,1
Binary Sunset 2025,Prime Story,D. Rossi,2/20/2024,INM432400019,1892,33.4,6576855.0,307.0,62869.0,,66986452.0,456000.0,128600.0,774.0,6127.0,0
Desert Oracle 2025,Dark Matter,G. Murphy,12/15/2022,ES5152201707,1227,42.7,347558532.0,68744.0,34228107.0,67.0,151166424.0,705558.0,99164.0,14984269.0,323188246.0,0
Glass Reactor 2025,New Dawn,A. Volkov,6/27/2018,KRF221800012,4475,19.7,211581810.0,29803.0,3666168.0,63.0,137544172.0,1154680.0,4469485.0,209217443.0,3149064834.0,0
Burning Atlas 2025,Open Sky,Y. Tanaka,10/12/2019,USSM11912430,659,59.2,961358721.0,155959.0,47278163.0,65.0,1188737111.0,7547115.0,212737.0,22305262.0,307352160.0,1
Velvet Storm 2025,New Dawn,W. Stone,1/1/2014,USUM71409719,2610,27.6,899830382.0,96199.0,41829450.0,70.0,1288704058.0,6983846.0,131095.0,50779178.0,371404445.0,0
Arctic Pulse 2025,Chronicles Saga,T. Kim,7/4/2011,USQX91100801,2740,26.8,955547971.0,199078.0,33681550.0,76.0,310902280.0,2357811.0,83230.0,15376388.0,130023976.0,1
Golden Ratio 2025,New Dawn,S. Patel,1/17/2022,GBAHS2201001,2214,30.4,190872805.0,102679.0,49713000.0,61.0,4804721.0,64070.0,89852.0,35100872.0,435794732.0,0
Velvet Storm 2025,Standalone,H. Andersson,11/12/2021,USUG12103690,1912,33.1,842558786.0,55074.0,40675939.0,74.0,290178261.0,6813320.0,169911.0,110877621.0,743331968.0,1
Shadow Circuit 2025,New Dawn,E. Brooks,1/1/2014,USUM71405265,2338,29.5,1197774081.0,128593.0,56315096.0,65.0,580076338.0,3685849.0,91701.0,14356531.0,112554627.0,0
Neon Horizon 2025,Legacy Cycle,W. Stone,7/31/2020,TCAFA2047032,631,60.5,2947162.0,2732.0,204717.0,,12422083.0,154802.0,14006256.0,151549836.0,1846083524.0,0
Desert Oracle 2025,Chronicles Saga,A. Volkov,2/25/2014,USSD11300464,3583,22.7,562983225.0,52754.0,16157389.0,73.0,1452593496.0,4997178.0,261129.0,33076170.0,314778494.0,0
Shadow Circuit 2025,Origin Arc,N. Fischer,8/21/2014,USUM71409723,2243,30.2,1465918510.0,110953.0,65876311.0,77.0,1101895606.0,9106812.0,74689.0,39669684.0,285511671.0,0
Feral Harmony 2025,New Dawn,F. Nguyen,9/14/2010,USAT21001800,1960,32.6,636986949.0,141343.0,32621464.0,69.0,1110450147.0,6467597.0,4371.0,347404.0,5188475.0,1
Echo Chamber 2025,Standalone,Q. Jensen,1/1/2012,USRC11200785,3955,21.5,662971898.0,94974.0,33907759.0,74.0,990716604.0,4801576.0,626315.0,63289716.0,689599858.0,0
Velvet Storm 2025,Final Chapter,D. Rossi,7/23/2021,QMRSZ2101546,2268,30.0,143447350.0,22233.0,3205615.0,60.0,95029099.0,693003.0,2017.0,1558730.0,15893357.0,0
Desert Oracle 2025,Final Chapter,C. Wright,11/17/2023,QZTBF2315869,2021,32.1,139208438.0,13863.0,30279318.0,77.0,13279195.0,355386.0,277600.0,50901731.0,599656685.0,0
Desert Oracle 2025,Origin Arc,O. Dubois,3/21/2019,NOG841901010,2119,31.3,670068696.0,75834.0,16363220.0,67.0,665558958.0,11599426.0,1228819.0,61987054.0,713445624.0,1
Ghost Frequency 2025,Standalone,G. Murphy,5/31/2019,USUYG1257043,3659,22.4,320136804.0,70340.0,8592699.0,62.0,300606606.0,2725053.0,274439.0,65635809.0,415394142.0,1
Aurora Debt 2025,Legacy Cycle,J. Martinez,10/21/2016,USRC11601833,3885,21.7,441916342.0,47499.0,20527523.0,55.0,757432448.0,6966709.0,21746.0,4366102.0,26604065.0,0
Crimson Archive 2025,Universe Zero,Y. Tanaka,8/11/2023,QMCQK1900300,1298,41.3,107754524.0,16004.0,19123002.0,66.0,11577220.0,74756.0,52374.0,6216569.0,53554260.0,0
Desert Oracle 2025,Chronicles Saga,Q. Jensen,1/1/2008,USUM70807646,3629,22.5,1062571821.0,183102.0,83157868.0,74.0,566585521.0,2999671.0,135610.0,86779845.0,623454990.0,0
Stone Butterfly 2025,Dark Matter,I. Hassan,6/15/2017,USAT21700438,3492,23.1,1303018999.0,239.0,18020.0,26.0,,,,,,0
Infinite Margin 2025,Final Chapter,E. Brooks,3/24/2023,USWB12301125,3617,22.6,152454686.0,34461.0,5057389.0,65.0,,,,,,1
Jade Frequency 2025,Dark Matter,N. Fischer,1/22/2021,USAT22100132,2603,27.7,246949197.0,80591.0,7682255.0,64.0,62144315.0,935278.0,5645.0,715700.0,4922539.0,1
Glass Reactor 2025,Standalone,H. Andersson,9/1/2023,USUM72312706,3818,21.9,66513420.0,12490.0,4973699.0,,15485803.0,395896.0,31322.0,8225518.0,87668727.0,0
Paper Kingdom 2025,Chronicles Saga,K. Olsen,12/9/2022,USRC12204598,1091,45.9,561645790.0,58561.0,39587642.0,82.0,79127644.0,867545.0,61070.0,32412474.0,220878489.0,1
Stone Butterfly 2025,Universe Zero,S. Patel,2/2/2024,QZZ662413549,3726,22.2,54477192.0,3729.0,21277335.0,77.0,36326774.0,890834.0,,3460300.0,41400000.0,1
Shadow Circuit 2025,Open Sky,V. Popov,4/30/2021,USVPR2100046,993,48.2,218431985.0,56998.0,7122424.0,61.0,336505073.0,3901948.0,3595260.0,338445934.0,4731467896.0,0
Desert Oracle 2025,Legacy Cycle,T. Kim,5/4/2022,LBA132200641,2040,31.9,24195796.0,7751.0,520105.0,52.0,513974720.0,3902623.0,32737.0,1654100.0,40801186.0,0
Quantum Rain 2025,Universe Zero,D. Rossi,12/8/2017,ITB001700846,413,75.4,1601293263.0,358760.0,75186063.0,79.0,424132504.0,4191200.0,7717647.0,1765938944.0,18153723096.0,0
Neon Horizon 2025,Legacy Cycle,W. Stone,4/7/2023,BXG6R2300280,3801,21.9,131981248.0,15020.0,12049822.0,65.0,127960114.0,714022.0,27489.0,2506579.0,33156781.0,1
Ocean of Stars 2025,Prime Story,F. Nguyen,9/12/2019,FR96X1934664,1436,38.8,96829196.0,9383.0,1730849.0,58.0,1058000530.0,6138968.0,3510631.0,56260142.0,840026921.0,0
Obsidian Heart 2025,Standalone,O. Dubois,7/23/2021,USSM12104771,1791,34.4,499085551.0,64967.0,25228814.0,62.0,189120015.0,2445070.0,193708.0,100580695.0,864218422.0,0
Nova Protocol 2025,Origin Arc,Y. Tanaka,4/27/2018,QZ22S1800006,3466,23.2,609984789.0,66397.0,14589013.0,74.0,255780709.0,1101498.0,91600.0,18502723.0,142412314.0,0
Velvet Storm 2025,Standalone,S. Patel,6/17/2022,USUG12204890,873,51.7,253114498.0,111173.0,20965015.0,65.0,42397563.0,402014.0,188128.0,77604432.0,887138394.0,0
Neon Horizon 2025,Standalone,Q. Jensen,6/6/2024,USUM72404101,46,205.7,59314441.0,2572.0,183043096.0,83.0,22374807.0,1026097.0,,188200.0,1200000.0,1
Silver Transit 2025,Legacy Cycle,A. Volkov,5/30/2024,QZ9QQ2400330,1202,43.2,25593926.0,1247.0,63521139.0,78.0,7493616.0,162691.0,,,,0
Final Orbit 2025,Standalone,M. Chen,3/1/2019,USSD11900034,1997,32.3,614313540.0,55782.0,18750996.0,64.0,978997170.0,4042367.0,55400.0,6033109.0,48469382.0,1
Electric Mirage 2025,Legacy Cycle,V. Popov,6/4/2024,NL4TG2400013,3251,24.1,4794950.0,498.0,2896644.0,67.0,3452898.0,170142.0,,,,0
Infinite Margin 2025,Legacy Cycle,S. Patel,10/4/2019,USQX91902497,4034,21.2,836491531.0,114619.0,24572791.0,79.0,95215206.0,1310860.0,194090.0,197169982.0,1679330230.0,0
Ghost Frequency 2025,Open Sky,B. Carter,2/24/2024,ES71G2405104,3155,24.6,10459553.0,360.0,1242873.0,65.0,53298480.0,230317.0,,,,0
Obsidian Heart 2025,Legacy Cycle,L. Nakamura,2/23/2023,USAT22301679,1599,36.7,242528711.0,57228.0,39892662.0,72.0,31286296.0,367511.0,15539.0,13605648.0,115624415.0,1
Burning Atlas 2025,Legacy Cycle,C. Wright,5/11/2023,QM4TX2344810,3380,23.6,46615691.0,29693.0,4972570.0,54.0,6255853.0,83064.0,250198.0,50398483.0,758814572.0,0
Northern Code 2025,Dark Matter,K. Olsen,2/24/2022,BCDE52200008,3719,22.2,237867475.0,19268.0,14221320.0,61.0,302341579.0,1218262.0,,,,0
Crimson Archive 2025,Standalone,C. Wright,8/25/2023,QZPLS2390181,594,62.2,224798632.0,37906.0,25613376.0,,96276929.0,1777074.0,781267.0,222202542.0,2266242364.0,1
Infinite Margin 2025,Universe Zero,Z. Ali,10/19/2018,QMUY41800271,3875,21.7,433664050.0,78546.0,20739392.0,59.0,235890905.0,2265284.0,1037872.0,154355675.0,1344891926.0,0
Infinite Margin 2025,New Dawn,Z. Ali,4/15/2024,NL9KR2308498,4998,19.6,97901971.0,1.0,,,,,,,,0
Stone Butterfly 2025,Prime Story,V. Popov,11/17/2016,USAT21602948,378,79.3,2075459887.0,209632.0,84707015.0,80.0,2696139998.0,17077084.0,604526.0,100008149.0,704916578.0,0
Frozen Ledger 2025,New Dawn,V. Popov,5/3/2024,USUG12400909,201,107.3,65520394.0,8933.0,15896982.0,,36834647.0,1700363.0,,1542400.0,7700000.0,1
Ember Valley 2025,Origin Arc,A. Volkov,11/19/2021,USWD12112914,1204,43.2,318018082.0,41062.0,14552186.0,65.0,580242930.0,3471774.0,103897.0,128850291.0,1100134488.0,0
Silver Transit 2025,Origin Arc,A. Volkov,1/1/2014,GBUM71400597,1630,36.3,724486951.0,89470.0,32447335.0,61.0,1253153682.0,6766774.0,49460.0,14054713.0,155148335.0,1
Aurora Debt 2025,Origin Arc,E. Brooks,9/19/2023,BC8182300165,4412,19.9,100530093.0,14992.0,19070923.0,,40396492.0,385259.0,162.0,30440.0,300988.0,1
Binary Sunset 2025,Origin Arc,O. Dubois,8/24/2023,QM3DF2276204,2538,28.1,188309858.0,15111.0,13192945.0,71.0,87069499.0,318350.0,100.0,1927.0,18855.0,0
Kinetic Prayer 2025,Legacy Cycle,K. Olsen,3/28/2024,USWL12400695,1919,33.0,39876490.0,5502.0,29909107.0,70.0,22359938.0,133504.0,,,,1
Aurora Debt 2025,Prime Story,K. Olsen,10/27/2023,USA2P2349660,763,55.4,279667395.0,23583.0,16220736.0,78.0,93707680.0,1139367.0,316771.0,152082704.0,1178951518.0,0
Jade Frequency 2025,Standalone,Z. Ali,8/25/2023,QZ7R42353128,2736,26.9,63748913.0,11841.0,9184869.0,60.0,109386782.0,532629.0,13700.0,438906.0,4695060.0,1
Violet Engine 2025,New Dawn,B. Carter,5/17/2019,USUM71908293,2322,29.7,1367265268.0,135811.0,46929639.0,75.0,174911891.0,749591.0,103451.0,12539244.0,109739416.0,0
Kinetic Prayer 2025,Chronicles Saga,E. Brooks,3/28/2017,ITD541500554,693,58.0,473328.0,17.0,2117.0,7.0,3777105479.0,15214286.0,,,,0
Echo Chamber 2025,Universe Zero,A. Volkov,4/7/2022,QM4TX2261587,1385,39.8,122568157.0,29662.0,6577251.0,64.0,208114605.0,1550438.0,2465021.0,817858920.0,9097455103.0,1
Velvet Storm 2025,Open Sky,C. Wright,3/3/2023,QZ5AB2358733,3872,21.7,18550706.0,2537.0,558526.0,50.0,159688005.0,376830.0,304800.0,4292828.0,117607339.0,0
Infinite Margin 2025,Standalone,N. Fischer,5/6/2022,QM6MZ2214883,1745,34.9,591704263.0,65115.0,16254572.0,71.0,179847217.0,1213273.0,120800.0,26994022.0,266064027.0,1
Silent Protocol 2025,Legacy Cycle,R. Silva,2/4/2022,USWB12105880,3606,22.6,128264127.0,34856.0,14539064.0,57.0,57252735.0,907529.0,4321.0,1049186.0,20590526.0,0
Midnight Cartel 2025,Final Chapter,L. Nakamura,2/7/2020,QM24S1927163,4264,20.4,556176640.0,86180.0,14946584.0,75.0,53515473.0,406554.0,59652.0,39850870.0,203313460.0,1
Final Orbit 2025,Prime Story,Q. Jensen,4/19/2024,GBARL2400420,3804,21.9,13712090.0,3148.0,14042635.0,,3889395.0,76350.0,,,,1
Last Signal 2025,Origin Arc,N. Fischer,5/24/2024,USUM72404007,2623,27.5,15062636.0,1446.0,39911356.0,75.0,4507011.0,112133.0,1034.0,570876.0,6372350.0,0
Thunder Archive 2025,Origin Arc,R. Silva,5/10/2019,QM9WM1900130,3511,23.0,415170963.0,57071.0,15542644.0,63.0,618739499.0,3018799.0,106464.0,10874942.0,72178937.0,1
Winter Echo 2025,Universe Zero,Q. Jensen,8/17/2018,GBARL1801049,1711,35.3,1036104210.0,125480.0,39427143.0,69.0,656926852.0,3449298.0,17106.0,3825116.0,27087495.0,0
City of Glass 2025,New Dawn,C. Wright,12/14/2023,QMFMG2300652,2335,29.5,42043071.0,9916.0,8275134.0,,55659616.0,244536.0,,,,0
Stone Butterfly 2025,Origin Arc,E. Brooks,7/16/2021,USRC12101473,2476,28.6,181529121.0,36504.0,12624326.0,60.0,235286963.0,3057740.0,117317.0,51611106.0,406413864.0,1
Final Orbit 2025,Prime Story,N. Fischer,1/12/2023,USSM12209777,4,444.9,2031280633.0,269802.0,136569078.0,85.0,1096100899.0,10629796.0,7189811.0,1078757968.0,14603725994.0,0
Deep Current 2025,New Dawn,R. Silva,3/15/2024,INZ031414584,3331,23.8,12044437.0,361.0,1194858.0,,46011423.0,1888358.0,,,,0
Ember Valley 2025,New Dawn,C. Wright,2/7/2024,QZZU32400012,2474,28.7,42027577.0,7316.0,25238956.0,,42037919.0,380896.0,,,,1
Aurora Debt 2025,Standalone,H. Andersson,9/15/2023,USQX92305198,1420,39.1,79871904.0,18919.0,14210017.0,,29393085.0,165299.0,262.0,2695609.0,12375164.0,1
Glass Reactor 2025,New Dawn,B. Carter,4/24/2024,JPB602401000,3101,24.8,13407929.0,208.0,2121169.0,69.0,26313692.0,118371.0,415.0,,,0
Thunder Archive 2025,Standalone,E. Brooks,4/14/2023,NOFGR2331100,3438,23.3,11960.0,69.0,4543.0,2.0,234911523.0,836587.0,,,,0
Crystal Fault 2025,Prime Story,S. Patel,5/8/2023,KRA302300145,1570,37.0,133536914.0,12910.0,7751540.0,63.0,259267584.0,1817066.0,42118.0,29633431.0,236752341.0,0
Echo Chamber 2025,Dark Matter,T. Kim,7/22/2020,USAT22004479,1039,47.1,716319941.0,98905.0,32882211.0,65.0,460154791.0,3442896.0,522107.0,149900995.0,1506051452.0,0
Velvet Storm 2025,Open Sky,G. Murphy,12/1/2021,KRA382163861,2407,29.0,306760464.0,23542.0,9642342.0,66.0,458931624.0,5675068.0,121090.0,160432414.0,1292286614.0,0
Jade Frequency 2025,Chronicles Saga,N. Fischer,11/19/2017,BRWMB0700761,3279,24.0,678928131.0,57167.0,19566520.0,72.0,775603021.0,5185313.0,272600.0,72091395.0,567535888.0,0
Midnight Cartel 2025,Origin Arc,T. Kim,7/13/2018,CA5KR1821202,2668,27.3,523954769.0,213614.0,31880596.0,67.0,96992359.0,915175.0,44648.0,32897654.0,313069043.0,0
Quantum Rain 2025,Chronicles Saga,W. Stone,8/5/2016,USHM21617726,3325,23.8,597718233.0,172980.0,21596820.0,76.0,152225528.0,2379610.0,427031.0,256949531.0,1985146213.0,0
Quantum Rain 2025,Standalone,R. Silva,4/23/2021,USUM72105621,2518,28.2,138100044.0,64635.0,5451499.0,56.0,168383616.0,1456308.0,30274.0,13135047.0,94781829.0,1
Iron Garden 2025,Final Chapter,T. Kim,5/11/2023,QMRSZ2300359,4125,20.9,95946720.0,13156.0,15537858.0,6.0,,,,,,0
Crimson Archive 2025,Origin Arc,W. Stone,6/25/2021,USRC12101540,2454,28.8,599547543.0,90475.0,27073255.0,70.0,154979267.0,2179826.0,139585.0,104260172.0,557527051.0,1
Frozen Ledger 2025,Standalone,E. Brooks,8/6/2022,SGB502231965,1017,47.6,1858478.0,581.0,37113.0,28.0,163462.0,3981.0,5101153.0,88338099.0,1420793896.0,0
Golden Ratio 2025,Universe Zero,M. Chen,5/30/2024,BKA7Y2400034,2575,27.9,3582494.0,506.0,20021976.0,64.0,8320170.0,107335.0,,,,0
Broken Compass 2025,Origin Arc,W. Stone,12/25/2023,TCAHS2392343,2694,27.1,,121.0,660.0,,,,,7381338.0,94798200.0,1
Broken Compass 2025,Origin Arc,Y. Tanaka,7/12/2018,USUM71809132,571,63.7,1736530084.0,174867.0,50426363.0,73.0,885823017.0,4489619.0,133341.0,12574029.0,116720227.0,0
Burning Atlas 2025,Origin Arc,S. Patel,6/5/2015,GB28K1500038,3506,23.0,24407534.0,2389.0,473657.0,29.0,1753379058.0,9702237.0,,,,0
Feral Harmony 2025,Open Sky,T. Kim,9/20/2015,USCM51500300,2994,25.5,820380309.0,115960.0,29602345.0,64.0,148373482.0,954330.0,1239950.0,5335752.0,33118908.0,1
Feral Harmony 2025,Origin Arc,F. Nguyen,7/24/2015,GBUM71406894,1617,36.5,1532640437.0,238.0,104606.0,6.0,2536191191.0,15112588.0,,,,0
Arctic Pulse 2025,Prime Story,H. Andersson,3/22/2024,USSM12402041,14,308.2,355186436.0,43025.0,108168634.0,88.0,98081493.0,1456177.0,,,,1
Stone Butterfly 2025,Origin Arc,L. Nakamura,10/20/2023,QZWA32200398,3549,22.8,94305899.0,11356.0,9053525.0,72.0,48837884.0,316446.0,24000.0,8394951.0,73323706.0,1
Ember Valley 2025,Prime Story,N. Fischer,8/17/2018,USAT21802011,365,80.1,1668741024.0,174052.0,42966784.0,76.0,1254501233.0,9554049.0,5371543.0,206785018.0,2733847243.0,0
Glass Reactor 2025,Final Chapter,Y. Tanaka,11/20/2020,USUM72018810,2075,31.6,606018960.0,77941.0,24028281.0,61.0,249997553.0,4474871.0,148379.0,24539124.0,177089056.0,0
Iron Garden 2025,Universe Zero,F. Nguyen,10/2/2020,USSM12005346,1556,37.2,653352641.0,181583.0,32640138.0,77.0,155865473.0,1851789.0,32163.0,9481274.0,81321613.0,1
Deep Current 2025,Open Sky,K. Olsen,12/26/2019,INS181905948,3154,24.6,129283318.0,9852.0,5286439.0,57.0,835213852.0,4972865.0,227900.0,8182757.0,71482445.0,0
Crimson Archive 2025,Legacy Cycle,G. Murphy,5/9/2017,USUM71703515,944,49.5,1257258072.0,156442.0,33271283.0,76.0,1192880501.0,7815307.0,202700.0,27054065.0,340416328.0,0
Northern Code 2025,Prime Story,N. Fischer,12/7/2023,USB272300115,4179,20.7,9129729.0,1422.0,3777844.0,,78290967.0,103564.0,,,,0
Blue Static 2025,Dark Matter,D. Rossi,6/14/2024,GBCPZ2423268,3546,22.8,,8.0,3490536.0,,,,,,,0
Frozen Ledger 2025,Chronicles Saga,T. Kim,1/28/2014,USUM71400108,4344,20.2,663939688.0,87146.0,28385073.0,67.0,462058635.0,4042516.0,173337.0,25471805.0,215796397.0,0
Crystal Fault 2025,Chronicles Saga,G. Murphy,3/9/2020,US5TA2000006,2825,26.3,365845397.0,29751.0,5840656.0,66.0,731488947.0,8414274.0,116880.0,56690917.0,362463277.0,0
Feral Harmony 2025,New Dawn,T. Kim,5/23/2005,GBAYE0500172,3548,22.8,1407382497.0,357484.0,72604627.0,78.0,1211241854.0,10819604.0,337277.0,152628012.0,1396761942.0,0
Arctic Pulse 2025,Chronicles Saga,B. Carter,8/24/2023,BCX5C2300025,888,51.2,178699480.0,14552.0,18055636.0,24.0,261753577.0,1458487.0,,339300.0,2800000.0,0
Iron Garden 2025,Chronicles Saga,R. Silva,5/10/2024,BXIV82456543,315,86.1,51198446.0,3022.0,40425173.0,80.0,14990394.0,244589.0,245300.0,,,0
Hyperion Rise 2025,Legacy Cycle,D. Rossi,7/27/2018,NOG841806010,2173,30.8,596469106.0,81058.0,16282307.0,67.0,919443352.0,9060446.0,155324.0,14285955.0,127865814.0,0
Crystal Fault 2025,Chronicles Saga,N. Fischer,2/22/2024,USUMV2302771,1459,38.4,811545581.0,1.0,65.0,,,,,,,1
Aurora Debt 2025,Origin Arc,L. Nakamura,2/5/2016,US7SR1600006,2121,31.2,769295129.0,195653.0,20289921.0,71.0,706646464.0,7579662.0,1332046.0,279290956.0,3016090659.0,0
Hyperion Rise 2025,Final Chapter,K. Olsen,5/20/2024,US5TA2400118,942,49.6,899456.0,147.0,2784044.0,46.0,31419384.0,139393.0,,,,0
Desert Oracle 2025,Origin Arc,O. Dubois,8/18/2023,USSM12306461,227,102.4,205468104.0,30639.0,39407660.0,69.0,61624959.0,1364492.0,67350.0,33519594.0,503074793.0,0
Ghost Frequency 2025,Legacy Cycle,G. Murphy,1/1/2009,USHR10924519,2695,27.1,1587114096.0,210519.0,147125974.0,76.0,993529828.0,4526606.0,428033.0,49702880.0,338781002.0,0
Last Signal 2025,Legacy Cycle,L. Nakamura,6/4/2023,GBUM72305707,3252,24.1,76510509.0,35841.0,3367961.0,64.0,11734153.0,115504.0,61.0,5249.0,76912.0,1
Nova Protocol 2025,Standalone,G. Murphy,11/11/2021,QZNWY2151576,4154,20.8,141747648.0,34061.0,3059194.0,57.0,66264480.0,524414.0,1199989.0,149254337.0,2053061623.0,0
Solar Drift 2025,Universe Zero,J. Martinez,1/6/2021,JPP302000760,2855,26.1,311307250.0,48587.0,6777195.0,61.0,460930832.0,3166818.0,73300.0,18691633.0,275649626.0,0
Frozen Ledger 2025,Dark Matter,Y. Tanaka,6/24/2022,USANG2274868,2273,30.0,10762.0,5.0,29.0,4.0,20819326.0,318193.0,3400423.0,19977613.0,274491219.0,0
Silver Transit 2025,Prime Story,P. Singh,3/28/2019,USSM11900950,566,63.9,770653954.0,81459.0,36880651.0,66.0,2296478541.0,10488884.0,216000.0,24907115.0,353024939.0,0
Neon Horizon 2025,Dark Matter,Y. Tanaka,11/25/2020,USSD12000562,2277,30.0,401104048.0,42742.0,14190262.0,66.0,458776041.0,3332448.0,1002990.0,85197306.0,718042201.0,0
Ocean of Stars 2025,Final Chapter,G. Murphy,7/2/2021,QZHZ52129395,2685,27.2,154010050.0,66808.0,4409868.0,63.0,234249323.0,1315242.0,417782.0,60004357.0,729439284.0,0
Golden Ratio 2025,Universe Zero,S. Patel,6/29/2020,KRA382002246,3258,24.1,280901994.0,31034.0,6694945.0,63.0,489518287.0,8770696.0,854500.0,100199461.0,948594062.0,0
Lunar Cartography 2025,Standalone,J. Martinez,2/11/2020,FR10S2014119,1576,36.9,33384757.0,3507.0,1365917.0,48.0,547206302.0,3673228.0,5723290.0,120770451.0,2180222501.0,0
Last Signal 2025,Origin Arc,I. Hassan,9/20/2019,USUM71913350,194,109.3,2011072164.0,222804.0,49920599.0,77.0,1290292327.0,11720744.0,2377898.0,155233360.0,1458416059.0,0
Golden Ratio 2025,Origin Arc,C. Wright,10/25/2018,USWB11802264,1815,34.1,587673746.0,88533.0,17023029.0,65.0,490164687.0,7575841.0,108400.0,2994730.0,15353974.0,1
Carbon Dreams 2025,Legacy Cycle,L. Nakamura,8/25/2017,USAT21703440,1855,33.7,2123458039.0,250221.0,69341164.0,77.0,333716726.0,2350373.0,972025.0,39843516.0,293246122.0,1
Hollow Crown 2025,Final Chapter,V. Popov,4/15/2022,USUM72204111,2494,28.5,445742307.0,68570.0,23007042.0,72.0,65247352.0,1302190.0,118871.0,53270295.0,299317588.0,0
Neon Horizon 2025,Prime Story,A. Volkov,4/29/2024,USA2P2415976,2858,26.1,11282322.0,625.0,1779055.0,,23217618.0,887493.0,,2229.0,22700.0,0
Crystal Fault 2025,New Dawn,O. Dubois,11/17/2014,USRC11402647,3739,22.1,1283683926.0,203125.0,103528914.0,79.0,351633773.0,2243784.0,382535.0,88186338.0,590688494.0,1
Electric Mirage 2025,Universe Zero,W. Stone,10/14/2017,CA5KR1576667,1626,36.3,1055558326.0,2893.0,246773.0,,,,,,,0
Nova Protocol 2025,Universe Zero,W. Stone,12/3/2021,USWB12105753,1817,34.1,171060866.0,62420.0,13385720.0,62.0,39445207.0,832416.0,1812874.0,58132303.0,954943543.0,0
Blue Static 2025,Open Sky,H. Andersson,2/2/2024,US5TA2300237,3843,21.8,56463608.0,3500.0,6710198.0,13.0,40744351.0,1252374.0,,,,0
Aurora Debt 2025,Standalone,V. Popov,7/3/2020,USUM72013632,317,85.8,785016247.0,210669.0,32702397.0,70.0,654629596.0,5578060.0,1826673.0,141952709.0,976662212.0,1
Neon Horizon 2025,Standalone,S. Patel,3/28/2023,GX4LG2101513,3126,24.7,,5.0,6700.0,,274862350.0,604907.0,,,,1
Thunder Archive 2025,Universe Zero,A. Volkov,3/20/2020,USUG12101839,884,51.4,1549317525.0,178149.0,71174158.0,73.0,385884628.0,4302435.0,89958.0,59135602.0,426511103.0,0
White Noise 2025,Standalone,C. Wright,11/18/2022,ES5052200746,1300,41.2,41254.0,14.0,769.0,1.0,593750417.0,773861.0,,,,0
Stone Butterfly 2025,Prime Story,S. Patel,2/25/2022,USRC12200139,4479,19.7,194708224.0,32664.0,28154571.0,61.0,20154009.0,183170.0,5040.0,2974319.0,29481029.0,0
Crimson Archive 2025,Origin Arc,C. Wright,8/11/2023,QMDA62306899,2025,32.0,159980783.0,17289.0,9007969.0,68.0,118381181.0,1270496.0,15519.0,1386029.0,21262061.0,0
Ghost Frequency 2025,New Dawn,D. Rossi,11/27/2023,BKLVW2300013,3341,23.7,52754470.0,6540.0,6242659.0,,70458259.0,761575.0,,143.0,2495.0,0
Broken Compass 2025,Universe Zero,E. Brooks,12/1/2022,FRUM72202503,2711,27.0,152546936.0,33014.0,4883069.0,68.0,129655800.0,510676.0,97575.0,4800473.0,54647905.0,1
Thunder Archive 2025,Standalone,S. Patel,5/25/2022,USRC12201686,1464,38.3,245406516.0,75951.0,9524862.0,60.0,53569545.0,636003.0,40000.0,11956224.0,85005540.0,1
City of Glass 2025,Universe Zero,A. Volkov,4/27/2017,USUM71704167,203,106.9,2384768901.0,244951.0,88329475.0,79.0,2707166590.0,16780231.0,1839173.0,79131934.0,906537912.0,0
Quantum Rain 2025,Prime Story,K. Olsen,4/9/2018,US5TA1800038,3365,23.6,442941122.0,37463.0,7860589.0,67.0,885861488.0,8213650.0,477246.0,138993009.0,995480226.0,0
Winter Echo 2025,Origin Arc,S. Patel,5/9/2024,QM6N22400640,1447,38.6,42032763.0,2684.0,48467220.0,79.0,12120768.0,209919.0,,,,1
City of Glass 2025,Open Sky,J. Martinez,4/10/2023,QM4TX2337764,1326,40.8,269067890.0,20356.0,8290715.0,71.0,256133933.0,2369761.0,103447.0,53293582.0,473159481.0,0
Golden Ratio 2025,Prime Story,N. Fischer,6/16/2017,USAT21701762,1932,32.9,894360950.0,99270.0,29301256.0,66.0,73078701.0,913440.0,2055066.0,42674347.0,324949762.0,1
Obsidian Heart 2025,Legacy Cycle,K. Olsen,2/24/2023,KSA012239180,1256,42.2,212084990.0,34632.0,4625072.0,37.0,191028847.0,3745346.0,159346.0,66491755.0,543360467.0,0
Paper Kingdom 2025,Origin Arc,E. Brooks,9/25/2001,USMAC0100119,4361,20.1,399145178.0,94038.0,14869138.0,68.0,1632844702.0,11706967.0,70375.0,19778665.0,167032445.0,0
Ember Valley 2025,Legacy Cycle,L. Nakamura,6/16/2021,UYB282113006,2892,25.9,203081704.0,47164.0,7286295.0,59.0,409311269.0,2277370.0,,,,0
Jade Frequency 2025,Standalone,W. Stone,9/10/2021,KRA402100098,839,53.0,502655066.0,33286.0,15876032.0,73.0,900358198.0,23155453.0,909216.0,188844723.0,1612602199.0,0
Echo Chamber 2025,Legacy Cycle,T. Kim,8/20/2020,USSD12000217,2046,31.9,423582537.0,58315.0,14632113.0,61.0,491738603.0,2883634.0,1401346.0,73369804.0,642003320.0,0
Ghost Frequency 2025,Prime Story,Q. Jensen,5/22/2023,USA2P2319853,1713,35.3,263851286.0,17657.0,7369849.0,73.0,161653032.0,3135324.0,120256.0,103362311.0,483823339.0,0
Burning Atlas 2025,Final Chapter,N. Fischer,6/2/2023,USUM72307453,2926,25.8,8470479.0,2776.0,1823591.0,43.0,8291412.0,112395.0,1400151.0,60596180.0,503891783.0,1
City of Glass 2025,Chronicles Saga,R. Silva,11/17/2023,QZTB92360479,327,84.6,273023490.0,17900.0,169190514.0,87.0,28916868.0,303426.0,744600.0,187163600.0,2850135008.0,1
Feral Harmony 2025,Open Sky,I. Hassan,10/26/2023,USUG12306673,2992,25.5,177731392.0,12908.0,25416651.0,,15781241.0,283039.0,22100.0,1905153.0,20466555.0,0
Kinetic Prayer 2025,Chronicles Saga,Z. Ali,4/22/2017,FR2X41775359,2522,28.2,,,,,1820176345.0,4950177.0,,,,0
Stone Butterfly 2025,Dark Matter,B. Carter,6/11/2021,USRC12101120,344,82.5,1178076856.0,164743.0,42269625.0,71.0,507790705.0,6169368.0,734932.0,365523934.0,2422643413.0,1
Paper Kingdom 2025,Universe Zero,K. Olsen,6/29/2018,AUUM71800255,1042,47.0,1749353402.0,182732.0,81424354.0,72.0,244698483.0,2156754.0,191718.0,48497239.0,379547638.0,1
Velvet Storm 2025,Standalone,S. Patel,12/2/2022,USUG12208786,3521,23.0,134971918.0,58239.0,5643840.0,64.0,8374578.0,77621.0,5871.0,5401097.0,34056492.0,1
Ocean of Stars 2025,Open Sky,Y. Tanaka,8/13/2021,QZDQH2148787,1210,43.0,347218974.0,34933.0,16279085.0,57.0,662346628.0,2983631.0,163723.0,31953097.0,394751759.0,0
Lunar Cartography 2025,Legacy Cycle,E. Brooks,12/2/2022,DGA0M2330144,3017,25.3,159144858.0,35171.0,7779465.0,64.0,106347047.0,622153.0,68170.0,18218057.0,239495826.0,0
Ghost Frequency 2025,Origin Arc,O. Dubois,6/16/2016,USAT21601930,296,88.6,1777196966.0,241108.0,65091468.0,78.0,2624180055.0,21763865.0,4715288.0,113594559.0,1024805500.0,0
Blue Static 2025,New Dawn,A. Volkov,10/23/2019,FR96X1996525,1214,42.9,628692.0,98.0,14910.0,23.0,1754170433.0,3004414.0,458.0,12632.0,669921.0,0
Blue Static 2025,Final Chapter,K. Olsen,3/22/2024,USSM12402034,612,61.3,69705399.0,13782.0,24255616.0,,11537917.0,283398.0,,,,1
Desert Oracle 2025,Origin Arc,N. Fischer,12/27/2013,QMBZ91375750,4438,19.8,240712.0,,,,,,,,,0
Deep Current 2025,Universe Zero,H. Andersson,2/23/2023,USUM72222541,80,167.8,1024381758.0,78554.0,69319589.0,78.0,1102289596.0,8953293.0,457111.0,15048444.0,248168852.0,1
Last Signal 2025,Open Sky,O. Dubois,3/29/2018,USUG11800570,3488,23.1,995463505.0,139596.0,44549966.0,78.0,283348553.0,3003483.0,32188.0,23839570.0,175752903.0,0
Ember Valley 2025,Legacy Cycle,G. Murphy,1/1/2012,USUM71202650,3614,22.6,538918222.0,73149.0,29404069.0,70.0,992302781.0,6629367.0,260418.0,26028741.0,149188520.0,0
Velvet Storm 2025,Legacy Cycle,M. Chen,1/9/2024,USUG12310194,4439,19.8,38388843.0,6814.0,16579754.0,,25838329.0,341078.0,,,,1
Kinetic Prayer 2025,Final Chapter,D. Rossi,1/22/2023,FR2X42304449,2144,31.1,39899018.0,2423.0,691567.0,49.0,279246643.0,4502050.0,562900.0,4399190.0,93470365.0,0
Ember Valley 2025,Dark Matter,B. Carter,5/17/2024,USUM72401987,1066,46.4,58810212.0,3394.0,9510078.0,87.0,,,97.0,,,0
Iron Garden 2025,New Dawn,T. Kim,2/21/2019,QM4TW1987698,2716,27.0,631152992.0,82632.0,15285194.0,76.0,655475553.0,3056895.0,154600.0,53883893.0,353157722.0,0
Feral Harmony 2025,Prime Story,F. Nguyen,4/12/2024,USWB12400678,30,256.0,1003215671.0,128.0,485454.0,,,,,,,1
Shadow Circuit 2025,Final Chapter,I. Hassan,3/8/2024,TRAUR2400004,362,80.3,81246715.0,4073.0,6852706.0,72.0,146249969.0,590112.0,,,,0
Carbon Dreams 2025,Legacy Cycle,Y. Tanaka,9/7/2022,JPU902203154,2259,30.1,191425175.0,26630.0,3407532.0,62.0,271219300.0,2855968.0,183701.0,53658710.0,662260750.0,0
Nova Protocol 2025,New Dawn,P. Singh,3/10/2023,QZRD92302549,4388,20.0,31705548.0,4773.0,1659794.0,50.0,11529302.0,87129.0,1625.0,109379.0,1709288.0,0
Parallel Lines 2025,Legacy Cycle,K. Olsen,2/16/2024,USAT22400762,755,55.9,,,,,,,,,,0
Infinite Margin 2025,Prime Story,P. Singh,12/7/2023,QZS7J2359132,414,75.3,153364964.0,29300.0,15208678.0,,32239845.0,576013.0,534000.0,88331091.0,749015170.0,1
Electric Mirage 2025,Dark Matter,L. Nakamura,12/13/2019,USSM11912590,2050,31.8,1225776509.0,135760.0,95644468.0,75.0,308365869.0,5355909.0,66101.0,26565378.0,188148281.0,0
Ocean of Stars 2025,Standalone,M. Chen,1/4/2020,INS182000006,4434,19.8,173193166.0,12129.0,7879651.0,60.0,643258603.0,3362426.0,54100.0,5386841.0,57212956.0,0
Hollow Crown 2025,Legacy Cycle,Q. Jensen,1/24/2020,DEUM72000017,4120,20.9,52223414.0,4281.0,4580882.0,55.0,,,3360.0,1029619.0,13055824.0,0
Broken Compass 2025,Origin Arc,O. Dubois,6/1/2023,NL2BN2300047,2160,30.9,74769930.0,34206.0,3353721.0,60.0,72559154.0,484307.0,50200.0,1761449.0,36415193.0,0
Broken Compass 2025,New Dawn,Q. Jensen,4/13/2023,BXBAL2300029,1666,35.8,96328058.0,7107.0,12749577.0,63.0,293231902.0,904116.0,72000.0,2783003.0,59451815.0,0
Red Meridian 2025,Legacy Cycle,I. Hassan,1/22/2016,TCACL1648391,2805,26.5,547304707.0,93449.0,17009946.0,68.0,566895107.0,8058632.0,2927089.0,432649655.0,4144883692.0,0
Nova Protocol 2025,Chronicles Saga,Z. Ali,12/14/2023,ARC082300049,1720,35.2,46660424.0,4000.0,10260168.0,67.0,102166795.0,528710.0,149300.0,8173814.0,132683756.0,1
Parallel Lines 2025,Dark Matter,J. Martinez,11/23/2022,SGB502288016,2309,29.8,1426122.0,284.0,21377.0,,1328757.0,33856.0,2500896.0,143257450.0,2151095470.0,1
Winter Echo 2025,Standalone,K. Olsen,12/16/2016,USAT21603705,2223,30.3,387389363.0,20.0,1347.0,,2020132561.0,11334330.0,,,,0
Jade Frequency 2025,Universe Zero,B. Carter,7/17/2020,SEBGA2000676,4549,19.5,256297608.0,58370.0,25841346.0,62.0,66278933.0,517295.0,,,,0
Obsidian Heart 2025,Standalone,G. Murphy,5/3/2024,FRX452438249,875,51.6,21803486.0,1250.0,4918007.0,72.0,39172911.0,208885.0,,,,0
Carbon Dreams 2025,Legacy Cycle,Y. Tanaka,8/27/2021,USSM12105949,945,49.5,786298066.0,204148.0,57623622.0,77.0,63403993.0,557514.0,55168.0,80647899.0,532021210.0,1
Arctic Pulse 2025,Prime Story,C. Wright,6/27/2019,USUM71910672,4542,19.5,353038338.0,64001.0,7457128.0,66.0,309458776.0,4303644.0,20311.0,3628465.0,38818268.0,0
Ghost Frequency 2025,Final Chapter,Q. Jensen,12/19/2022,USA2P2254487,1098,45.7,614497357.0,47586.0,17245496.0,74.0,202069442.0,2934641.0,396808.0,179997019.0,1587051148.0,0
Shadow Circuit 2025,Standalone,F. Nguyen,11/18/2023,INS182303269,849,52.8,123276250.0,8330.0,3632731.0,,208302578.0,1903455.0,,,,0
Glass Reactor 2025,Chronicles Saga,R. Silva,2/7/2020,USUM72002041,2457,28.8,523416171.0,164690.0,25242475.0,68.0,139802262.0,1087343.0,146034.0,25129610.0,223524052.0,1
Paper Kingdom 2025,Chronicles Saga,Y. Tanaka,3/29/2024,USCM52400059,65,181.4,199929812.0,4.0,98.0,,,,,,,1
Binary Sunset 2025,Universe Zero,P. Singh,9/1/2023,TR0012300295,2470,28.7,59964248.0,9504.0,1321095.0,,112511884.0,361436.0,116100.0,2824547.0,77807288.0,0
Violet Engine 2025,Standalone,I. Hassan,2/2/2021,QM4TW2159341,3578,22.7,116542329.0,41062.0,3658542.0,8.0,115229170.0,2436482.0,1844500.0,547119599.0,3964454629.0,1
Jade Frequency 2025,Legacy Cycle,R. Silva,4/18/2024,USUG12401033,1286,41.5,154819909.0,3535.0,21565868.0,76.0,10014516.0,120378.0,,,,1
Binary Sunset 2025,Chronicles Saga,W. Stone,9/22/2022,BXW922200018,2331,29.6,227079649.0,35385.0,8942936.0,63.0,199523728.0,1291904.0,298000.0,27867511.0,299633568.0,0
Ghost Frequency 2025,Chronicles Saga,G. Murphy,9/25/2020,USSM12005752,3013,25.3,171728710.0,72794.0,6961853.0,56.0,121946777.0,1186806.0,13022.0,826564.0,8566421.0,1
Golden Ratio 2025,Chronicles Saga,I. Hassan,5/6/2022,QM6MZ2214879,1990,32.3,500671737.0,57541.0,10245525.0,70.0,204437602.0,1398859.0,17700.0,8267001.0,66367676.0,0
Kinetic Prayer 2025,Chronicles Saga,N. Fischer,3/24/2017,USAT21700684,562,64.2,2123458039.0,59071.0,11326598.0,24.0,243662429.0,2597999.0,12978.0,2359976.0,17150790.0,1
City of Glass 2025,Chronicles Saga,A. Volkov,12/23/2019,KRA301900597,2851,26.2,471042668.0,37370.0,8743783.0,66.0,716847469.0,9852754.0,46801.0,34695574.0,222663523.0,0
Golden Ratio 2025,Standalone,A. Volkov,10/5/2015,ARF061500454,1082,46.0,70061366.0,6847.0,1133511.0,62.0,3257763799.0,9018759.0,,,,0
Aurora Debt 2025,Prime Story,Y. Tanaka,7/31/2016,USAT21602372,4337,20.2,255776823.0,52690.0,9510227.0,58.0,135880617.0,1184950.0,5158.0,1815920.0,13186028.0,1
Digital Saints 2025,Origin Arc,V. Popov,6/7/2024,QZNWT2449758,4121,20.9,11495032.0,4.0,2765.0,,,,,,,1
Velvet Storm 2025,Origin Arc,P. Singh,8/3/2018,USUM71810720,1747,34.9,502147027.0,69350.0,20445990.0,66.0,543883053.0,3896527.0,1444867.0,22688020.0,208386139.0,0
Final Orbit 2025,Universe Zero,L. Nakamura,10/28/2022,USRC12203632,598,61.9,469322271.0,68997.0,24096906.0,73.0,77831118.0,981474.0,50996.0,44266733.0,419727783.0,1
Iron Garden 2025,New Dawn,L. Nakamura,4/2/2020,QM9WM2000013,821,53.6,468900803.0,62750.0,12074538.0,60.0,1137550621.0,7566148.0,2205109.0,110809435.0,1052766873.0,0
Infinite Margin 2025,Final Chapter,C. Wright,4/28/2023,ZB1OS2300183,3747,22.1,54611633.0,19814.0,4852560.0,61.0,25626713.0,241463.0,575800.0,50987040.0,681526979.0,1
Ocean of Stars 2025,Open Sky,M. Chen,4/24/2020,NZAM02001128,77,168.9,,10230.0,1142937.0,,12489728.0,339414.0,42900000.0,919945708.0,12221514692.0,0
Red Meridian 2025,Standalone,S. Patel,2/16/2024,QM24S2400638,592,62.4,233969547.0,19001.0,153692182.0,87.0,15918146.0,259139.0,,569975.0,7383118.0,0
Lunar Cartography 2025,Final Chapter,I. Hassan,8/25/2023,USUM72312300,2587,27.8,106899723.0,23959.0,10822808.0,64.0,54351042.0,362313.0,34200.0,3566805.0,44045683.0,0
Carbon Dreams 2025,Universe Zero,O. Dubois,8/20/2021,GBUM72102422,3736,22.2,300361628.0,57447.0,23619962.0,63.0,73752014.0,482554.0,3082.0,633965.0,11785929.0,0
Silver Transit 2025,New Dawn,Z. Ali,8/22/2020,QZHNC2078374,2451,28.8,1415206.0,973.0,166740.0,19.0,59644.0,960.0,6501183.0,161122861.0,2181208314.0,1
Hollow Crown 2025,Legacy Cycle,I. Hassan,5/6/2022,QM6MZ2214894,1067,46.4,366872354.0,61014.0,15444758.0,68.0,146768761.0,1402279.0,2232600.0,180281548.0,1794129686.0,0
Neon Horizon 2025,Dark Matter,N. Fischer,1/13/2014,USRC11301790,3228,24.2,526083566.0,76288.0,26987950.0,69.0,1460145349.0,7622345.0,56018.0,34115468.0,212271619.0,0
Paper Kingdom 2025,New Dawn,P. Singh,6/17/2022,USRC12201904,2174,30.8,125056212.0,43939.0,9282167.0,61.0,123551829.0,1191440.0,93200.0,5963103.0,58980168.0,0
Arctic Pulse 2025,Origin Arc,R. Silva,5/16/2017,USUYG1142051,1950,32.6,442472374.0,85567.0,16713395.0,68.0,99029913.0,1622141.0,469276.0,58969522.0,437018233.0,1
Electric Mirage 2025,Chronicles Saga,I. Hassan,1/10/2024,QMRSZ2301148,2565,27.9,9293098.0,1348.0,2545397.0,,19200761.0,262872.0,6015.0,5065489.0,1752700.0,1
Midnight Cartel 2025,Origin Arc,O. Dubois,3/3/2022,GBUM72201160,1668,35.7,300668168.0,114589.0,7654318.0,67.0,77123844.0,796822.0,214063.0,67997711.0,669672487.0,1
Solar Drift 2025,Universe Zero,Q. Jensen,2/9/2024,QZ9QQ2400124,2120,31.2,69834726.0,3512.0,8863236.0,,51351887.0,269848.0,,392037.0,8104799.0,0
Crystal Fault 2025,Prime Story,Q. Jensen,9/14/2023,ING642306994,2589,27.8,5842217.0,191.0,173325.0,,180823113.0,1072157.0,,,,0
Burning Atlas 2025,Prime Story,E. Brooks,2/14/2020,USUYG1297281,4275,20.4,93229994.0,24779.0,2554563.0,44.0,143927230.0,1205650.0,2540017.0,233884067.0,1572821812.0,1
Hollow Crown 2025,Open Sky,W. Stone,8/19/2022,QZNMV2235460,3427,23.4,49549021.0,10601.0,3845428.0,33.0,119899690.0,1194687.0,1100000.0,183128923.0,3499011841.0,0
Violet Engine 2025,Standalone,I. Hassan,4/7/2023,QZMEV2363867,666,58.9,24215252.0,12008.0,950490.0,48.0,12381597.0,191468.0,3611019.0,229593251.0,3302969819.0,1
Parallel Lines 2025,Legacy Cycle,N. Fischer,8/4/2023,QZS7J2331813,326,84.7,53825007.0,14742.0,9204769.0,59.0,83224436.0,607267.0,88131.0,6358930.0,89022964.0,1
Ghost Frequency 2025,Legacy Cycle,M. Chen,8/24/2018,QM6MZ1886138,2010,32.1,800203170.0,9924.0,2885625.0,57.0,1349952981.0,25782597.0,,,,0
Ghost Frequency 2025,Standalone,Z. Ali,1/1/2013,GBAHS1400094,980,48.8,2525355904.0,208671.0,121163411.0,77.0,1884843329.0,9916244.0,1459274.0,502385405.0,4406781129.0,0
Kinetic Prayer 2025,Dark Matter,O. Dubois,4/9/2019,QM6MZ1924281,3290,23.9,322757243.0,60278.0,9152097.0,62.0,640816810.0,3577858.0,191433.0,28268064.0,215995105.0,1
Burning Atlas 2025,Dark Matter,C. Wright,2/23/2024,ZA56E2415633,1927,33.0,30674267.0,5326.0,8199508.0,68.0,52613580.0,674511.0,,64953911.0,934535152.0,0
Deep Current 2025,Origin Arc,K. Olsen,9/9/2021,AUUM72100371,554,64.9,533416336.0,51383.0,15263459.0,68.0,293168763.0,2744278.0,6384142.0,410346965.0,4418855338.0,0
Crimson Archive 2025,Legacy Cycle,B. Carter,4/29/2022,USSM12203787,560,64.3,395167576.0,135307.0,21175776.0,71.0,117364602.0,803990.0,31391.0,6266752.0,66661123.0,1
White Noise 2025,Open Sky,R. Silva,9/18/2023,THSOH2307725,1522,37.7,456034.0,14.0,138.0,,247148544.0,892208.0,,,,0
Thunder Archive 2025,New Dawn,M. Chen,10/13/2022,USUYG1448153,655,59.3,86103527.0,24888.0,4522560.0,62.0,211940922.0,1076420.0,3115217.0,71261169.0,1387044831.0,1
Winter Echo 2025,Chronicles Saga,R. Silva,3/8/2024,PHS032402600,4156,20.8,58823260.0,1070.0,13784216.0,78.0,30355534.0,290040.0,,2121743.0,25814718.0,0
Thunder Archive 2025,Prime Story,B. Carter,3/31/2017,USUM71703085,466,71.4,2226869580.0,311766.0,77191099.0,80.0,1281355260.0,11551257.0,1180701.0,90304316.0,769720113.0,1
Quantum Rain 2025,Dark Matter,S. Patel,1/1/2014,GBUM71401975,1289,41.5,218205900.0,28233.0,7288674.0,50.0,3559338569.0,11289750.0,15933.0,7120449.0,81433215.0,1
Silent Protocol 2025,Final Chapter,F. Nguyen,10/25/2019,USBQU1900121,4105,21.0,499764238.0,79594.0,30626148.0,78.0,100443510.0,1071510.0,86986.0,72851545.0,438475493.0,0
Final Orbit 2025,Legacy Cycle,H. Andersson,1/25/2018,USRC11703503,3891,21.6,505748520.0,60774.0,17047156.0,64.0,468137682.0,2074706.0,8387.0,368047.0,7107254.0,0
Ghost Frequency 2025,Chronicles Saga,C. Wright,6/16/2017,USAT21701747,410,75.5,458957128.0,89812.0,13215590.0,61.0,47166510.0,482132.0,28665700.0,112444345.0,1069735982.0,1
Broken Compass 2025,Standalone,I. Hassan,1/12/2024,USWB12400001,469,71.2,284119669.0,23417.0,101687677.0,84.0,14777855.0,145459.0,,509611.0,18832300.0,0
Neon Horizon 2025,Universe Zero,I. Hassan,5/16/2024,LBA132400598,2566,27.9,916695.0,97.0,384024.0,,19150049.0,391641.0,,,,0
Echo Chamber 2025,New Dawn,H. Andersson,6/7/2024,USA2P2431076,499,68.9,26891849.0,722.0,63940453.0,81.0,5611228.0,686901.0,,,,0
Ember Valley 2025,Chronicles Saga,P. Singh,5/25/2023,USSD12201328,479,70.2,136724343.0,15391.0,18104979.0,72.0,252644706.0,1115099.0,1500000.0,24961548.0,525208493.0,0
Echo Chamber 2025,Universe Zero,V. Popov,10/20/2023,QZ9QQ2300776,1785,34.5,140289944.0,11244.0,6732068.0,,102146155.0,355596.0,,558350.0,5016260.0,0
Echo Chamber 2025,Legacy Cycle,B. Carter,4/19/2022,QZQAY2209019,2438,28.9,155050178.0,35527.0,6146030.0,58.0,285012395.0,1652366.0,364400.0,175847558.0,1442464830.0,1
Ocean of Stars 2025,Universe Zero,H. Andersson,12/22/2022,QMFMF2216359,1547,37.3,427842597.0,59365.0,26456238.0,66.0,103306657.0,870677.0,21809.0,10011741.0,92071601.0,1
Lunar Cartography 2025,Universe Zero,T. Kim,4/18/2024,USUG12401036,1264,42.1,165611453.0,4418.0,21928475.0,78.0,9873283.0,96083.0,,774900.0,6383500.0,0
Digital Saints 2025,Final Chapter,E. Brooks,2/8/2023,USUYG1468508,3973,21.4,63725545.0,28846.0,5713050.0,65.0,17655608.0,162513.0,200.0,31919.0,243757.0,1
Last Signal 2025,Chronicles Saga,K. Olsen,7/10/2020,USUM72013570,3474,23.2,277094824.0,75966.0,16182804.0,63.0,118824965.0,1513533.0,299390.0,71831644.0,537618525.0,1
Winter Echo 2025,Open Sky,P. Singh,5/23/2024,USA2P2416224,2329,29.6,15290073.0,2626.0,37148745.0,74.0,1148601.0,33597.0,,,,0
Shadow Circuit 2025,Prime Story,L. Nakamura,8/4/2023,USWB12303800,3734,22.2,109868838.0,17147.0,65679098.0,70.0,6256696.0,55646.0,2428.0,385969.0,7034216.0,0
Ghost Frequency 2025,Chronicles Saga,S. Patel,12/12/2019,USL4Q1967883,2168,30.8,335856859.0,27383.0,5458230.0,66.0,917170916.0,6108835.0,288416.0,19227598.0,332846214.0,0
Violet Engine 2025,Legacy Cycle,T. Kim,5/25/2023,FRX762399738,3187,24.4,129573063.0,9240.0,3380877.0,63.0,124184578.0,417710.0,48700.0,14400034.0,168267163.0,0
Electric Mirage 2025,Legacy Cycle,Z. Ali,9/14/2023,USRC12301932,18,293.7,1258569694.0,105218.0,198845580.0,87.0,141646818.0,1514837.0,2294429.0,419319161.0,5456156211.0,1
White Noise 2025,Dark Matter,E. Brooks,2/23/2024,QM24S2400488,3107,24.8,41953270.0,5213.0,4114449.0,27.0,7636074.0,62806.0,,100993.0,4502124.0,0
Golden Ratio 2025,Dark Matter,A. Volkov,10/1/2021,US5TA2100080,1346,40.5,431638330.0,43727.0,10543105.0,66.0,564641494.0,7674539.0,641703.0,351794036.0,2323894242.0,0
